"id","year","player","team","completions","pass_attempts","passing_yards","passing_td","interception","times_sacked","sack_yards","longest_pass","qbr","rush_attempts","rushing_yards","rushing_td","longest_run","receptions","receiving_yards","receiving_td","longest_reception","fumble","fumbles_lost"
1,2021,"Joe Burrow","CIN",22,33,263,1,0,7,43,75,100.9,2,3,0,4,0,0,0,0,0,0
2,2021,"Joe Mixon","CIN",1,1,6,1,0,0,0,6,131.2,15,72,0,14,5,1,0,4,0,0
3,2021,"Ja'Marr Chase","CIN",0,0,0,0,0,0,0,0,,1,4,0,4,5,89,0,46,0,0
4,2021,"Tee Higgins","CIN",0,0,0,0,0,0,0,0,,0,0,0,0,4,100,2,75,0,0
5,2021,"Tyler Boyd","CIN",0,0,0,0,0,0,0,0,,0,0,0,0,5,48,0,16,0,0
6,2021,"Mike Thomas","CIN",0,0,0,0,0,0,0,0,,0,0,0,0,1,17,0,17,0,0
7,2021,"C.J. Uzomah","CIN",0,0,0,0,0,0,0,0,,0,0,0,0,2,11,0,6,0,0
8,2021,"Chris Evans","CIN",0,0,0,0,0,0,0,0,,0,0,0,0,1,3,0,3,0,0
9,2021,"Samaje Perine","CIN",0,0,0,0,0,0,0,0,,2,0,0,0,0,0,0,0,0,0
10,2021,"Matthew Stafford","LAR",26,40,283,3,2,2,13,35,89.9,3,6,0,7,0,0,0,0,0,0
11,2021,"Cooper Kupp","LAR",0,1,0,0,0,0,0,0,39.6,1,7,0,7,8,92,2,22,0,0
12,2021,"Cam Akers","LAR",0,0,0,0,0,0,0,0,,13,21,0,8,3,14,0,7,0,0
13,2021,"Darrell Henderson","LAR",0,0,0,0,0,0,0,0,,4,7,0,5,3,43,0,25,0,0
14,2021,"Sony Michel","LAR",0,0,0,0,0,0,0,0,,2,2,0,3,0,0,0,0,0,0
15,2021,"Odell Beckham Jr.","LAR",0,0,0,0,0,0,0,0,,0,0,0,0,2,52,1,35,0,0
16,2021,"Brycen Hopkins","LAR",0,0,0,0,0,0,0,0,,0,0,0,0,4,47,0,16,0,0
17,2021,"Van Jefferson","LAR",0,0,0,0,0,0,0,0,,0,0,0,0,4,23,0,13,0,0
18,2021,"Ben Skowronek","LAR",0,0,0,0,0,0,0,0,,0,0,0,0,2,12,0,7,0,0
19,2020,"Patrick Mahomes","KAN",26,49,270,0,2,3,27,33,52.3,5,33,0,11,0,0,0,0,1,0
20,2020,"Clyde Edwards-Helaire","KAN",0,0,0,0,0,0,0,0,,9,64,0,26,2,23,0,18,0,0
21,2020,"Tyreek Hill","KAN",0,0,0,0,0,0,0,0,,1,5,0,5,7,73,0,23,0,0
22,2020,"Darrel Williams","KAN",0,0,0,0,0,0,0,0,,2,5,0,3,2,10,0,9,0,0
23,2020,"Travis Kelce","KAN",0,0,0,0,0,0,0,0,,0,0,0,0,10,133,0,33,0,0
24,2020,"Sammy Watkins","KAN",0,0,0,0,0,0,0,0,,0,0,0,0,1,13,0,13,0,0
25,2020,"Demarcus Robinson","KAN",0,0,0,0,0,0,0,0,,0,0,0,0,1,11,0,11,0,0
26,2020,"Mecole Hardman","KAN",0,0,0,0,0,0,0,0,,0,0,0,0,2,4,0,4,0,0
27,2020,"Byron Pringle","KAN",0,0,0,0,0,0,0,0,,0,0,0,0,1,3,0,3,0,0
28,2020,"Tom Brady","TAM",21,29,201,3,0,1,6,31,125.8,4,-2,0,0,0,0,0,0,1,0
29,2020,"Leonard Fournette","TAM",0,0,0,0,0,0,0,0,,16,89,1,27,4,46,0,15,0,0
30,2020,"Ronald Jones II","TAM",0,0,0,0,0,0,0,0,,12,61,0,13,0,0,0,0,0,0
31,2020,"Rob Gronkowski","TAM",0,0,0,0,0,0,0,0,,0,0,0,0,6,67,2,25,0,0
32,2020,"Mike Evans","TAM",0,0,0,0,0,0,0,0,,0,0,0,0,1,31,0,31,0,0
33,2020,"Cameron Brate","TAM",0,0,0,0,0,0,0,0,,0,0,0,0,3,26,0,15,0,0
34,2020,"Antonio Brown","TAM",0,0,0,0,0,0,0,0,,0,0,0,0,5,22,1,16,0,0
35,2020,"Chris Godwin","TAM",0,0,0,0,0,0,0,0,,0,0,0,0,2,9,0,8,0,0
36,2020,"Tanner Hudson","TAM",0,0,0,0,0,0,0,0,,0,0,0,0,0,0,0,0,0,0
37,2020,"Tyler Johnson","TAM",0,0,0,0,0,0,0,0,,0,0,0,0,0,0,0,0,0,0
38,2020,"Joe Haeg","TAM",0,0,0,0,0,0,0,0,,0,0,0,0,0,0,0,0,0,0
39,2020,"Scott Miller","TAM",0,0,0,0,0,0,0,0,,1,-3,0,-3,0,0,0,0,0,0
40,2019,"Patrick Mahomes","KAN",26,42,286,2,2,4,18,44,78.1,9,29,1,13,0,0,0,0,2,0
41,2019,"Damien Williams","KAN",0,0,0,0,0,0,0,0,,17,104,1,38,4,29,1,13,1,0
42,2019,"Travis Kelce","KAN",0,0,0,0,0,0,0,0,,1,2,0,2,6,43,1,11,0,0
43,2019,"Tyreek Hill","KAN",0,0,0,0,0,0,0,0,,0,0,0,0,9,105,0,44,0,0
44,2019,"Sammy Watkins","KAN",0,0,0,0,0,0,0,0,,0,0,0,0,5,98,0,38,0,0
45,2019,"Blake Bell","KAN",0,0,0,0,0,0,0,0,,0,0,0,0,1,9,0,9,0,0
46,2019,"Darwin Thompson","KAN",0,0,0,0,0,0,0,0,,1,0,0,0,0,0,0,0,0,0
47,2019,"Mecole Hardman","KAN",0,0,0,0,0,0,0,0,,1,-6,0,-6,1,2,0,2,0,0
48,2019,"Jimmy Garoppolo","SFO",20,31,219,1,2,1,9,26,69.2,2,2,0,3,0,0,0,0,0,0
49,2019,"Raheem Mostert","SFO",0,0,0,0,0,0,0,0,,12,58,1,17,1,2,0,2,0,0
50,2019,"Deebo Samuel","SFO",0,0,0,0,0,0,0,0,,3,53,0,32,5,39,0,16,0,0
51,2019,"Tevin Coleman","SFO",0,0,0,0,0,0,0,0,,5,28,0,17,1,3,0,3,0,0
52,2019,"Kendrick Bourne","SFO",0,0,0,0,0,0,0,0,,0,0,0,0,2,42,0,26,0,0
53,2019,"Kyle Juszczyk","SFO",0,0,0,0,0,0,0,0,,0,0,0,0,3,39,1,15,0,0
54,2019,"Emmanuel Sanders","SFO",0,0,0,0,0,0,0,0,,0,0,0,0,3,38,0,18,0,0
55,2019,"George Kittle","SFO",0,0,0,0,0,0,0,0,,0,0,0,0,4,36,0,12,0,0
56,2019,"Jeff Wilson","SFO",0,0,0,0,0,0,0,0,,0,0,0,0,1,20,0,20,0,0
57,2018,"Tom Brady","NWE",21,35,262,0,1,1,9,29,71.4,2,-2,0,-1,0,0,0,0,1,0
58,2018,"Sony Michel","NWE",0,0,0,0,0,0,0,0,,18,94,1,26,0,0,0,0,0,0
59,2018,"Rex Burkhead","NWE",0,0,0,0,0,0,0,0,,7,43,0,26,2,15,0,8,0,0
60,2018,"Julian Edelman","NWE",0,0,0,0,0,0,0,0,,1,8,0,8,10,141,0,27,0,0
61,2018,"Cordarrelle Patterson","NWE",0,0,0,0,0,0,0,0,,2,7,0,6,2,14,0,9,0,0
62,2018,"James White","NWE",0,0,0,0,0,0,0,0,,2,4,0,3,1,5,0,5,0,0
63,2018,"Rob Gronkowski","NWE",0,0,0,0,0,0,0,0,,0,0,0,0,6,87,0,29,0,0
64,2018,"Chris Hogan","NWE",0,0,0,0,0,0,0,0,,0,0,0,0,0,0,0,0,0,0
65,2018,"Jared Goff","LAR",19,38,229,0,1,4,31,24,57.9,0,0,0,0,0,0,0,0,0,0
66,2018,"Todd Gurley","LAR",0,0,0,0,0,0,0,0,,10,35,0,16,1,-1,0,-1,0,0
67,2018,"C.J. Anderson","LAR",0,0,0,0,0,0,0,0,,7,22,0,5,2,12,0,9,1,0
68,2018,"Robert Woods","LAR",0,0,0,0,0,0,0,0,,1,5,0,5,5,70,0,18,0,0
69,2018,"Brandin Cooks","LAR",0,0,0,0,0,0,0,0,,0,0,0,0,8,120,0,24,0,0
70,2018,"Josh Reynolds","LAR",0,0,0,0,0,0,0,0,,0,0,0,0,3,28,0,11,0,0
71,2018,"Gerald Everett","LAR",0,0,0,0,0,0,0,0,,0,0,0,0,0,0,0,0,0,0
72,2017,"Tom Brady","NWE",28,48,505,3,0,1,5,50,115.4,1,6,0,6,0,0,0,0,1,1
73,2017,"Danny Amendola","NWE",0,1,0,0,0,0,0,0,39.6,0,0,0,0,8,152,0,50,0,0
74,2017,"James White","NWE",0,0,0,0,0,0,0,0,,7,45,1,26,2,21,0,15,0,0
75,2017,"Dion Lewis","NWE",0,0,0,0,0,0,0,0,,9,39,0,8,0,0,0,0,0,0
76,2017,"Rex Burkhead","NWE",0,0,0,0,0,0,0,0,,3,18,0,9,1,46,0,46,0,0
77,2017,"Chris Hogan","NWE",0,0,0,0,0,0,0,0,,1,4,0,4,6,128,1,43,0,0
78,2017,"Brandin Cooks","NWE",0,0,0,0,0,0,0,0,,1,1,0,1,1,23,0,23,0,0
79,2017,"Rob Gronkowski","NWE",0,0,0,0,0,0,0,0,,0,0,0,0,9,116,2,25,0,0
80,2017,"Phillip Dorsett","NWE",0,0,0,0,0,0,0,0,,0,0,0,0,1,19,0,19,0,0
81,2017,"James Develin","NWE",0,0,0,0,0,0,0,0,,0,0,0,0,0,0,0,0,0,0
82,2017,"Nick Foles","PHI",28,43,373,3,1,0,0,55,106.1,0,0,0,0,1,1,1,1,0,0
83,2017,"Trey Burton","PHI",1,1,1,1,0,0,0,1,118.7,0,0,0,0,0,0,0,0,0,0
84,2017,"LeGarrette Blount","PHI",0,0,0,0,0,0,0,0,,14,90,1,36,0,0,0,0,0,0
85,2017,"Jay Ajayi","PHI",0,0,0,0,0,0,0,0,,9,57,0,26,0,0,0,0,0,0
86,2017,"Nelson Agholor","PHI",0,0,0,0,0,0,0,0,,1,9,0,9,9,84,0,24,0,0
87,2017,"Corey Clement","PHI",0,0,0,0,0,0,0,0,,3,8,0,6,4,100,1,55,0,0
88,2017,"Alshon Jeffery","PHI",0,0,0,0,0,0,0,0,,0,0,0,0,3,73,1,34,0,0
89,2017,"Zach Ertz","PHI",0,0,0,0,0,0,0,0,,0,0,0,0,7,67,1,19,0,0
90,2017,"Torrey Smith","PHI",0,0,0,0,0,0,0,0,,0,0,0,0,5,49,0,17,0,0
91,2016,"Matt Ryan","ATL",17,23,284,2,0,5,44,39,144.1,0,0,0,0,0,0,0,0,1,1
92,2016,"Devonta Freeman","ATL",0,0,0,0,0,0,0,0,,11,75,1,37,2,46,0,39,0,0
93,2016,"Tevin Coleman","ATL",0,0,0,0,0,0,0,0,,7,29,0,9,1,6,1,6,0,0
94,2016,"Julio Jones","ATL",0,0,0,0,0,0,0,0,,0,0,0,0,4,87,0,27,0,0
95,2016,"Taylor Gabriel","ATL",0,0,0,0,0,0,0,0,,0,0,0,0,3,76,0,35,0,0
96,2016,"Austin Hooper","ATL",0,0,0,0,0,0,0,0,,0,0,0,0,3,32,1,19,0,0
97,2016,"Mohamed Sanu","ATL",0,0,0,0,0,0,0,0,,0,0,0,0,2,25,0,13,0,0
98,2016,"Patrick DiMarco","ATL",0,0,0,0,0,0,0,0,,0,0,0,0,2,12,0,10,0,0
99,2016,"Tom Brady","NWE",43,62,466,2,1,5,24,28,95.2,1,15,0,15,0,0,0,0,0,0
100,2016,"Julian Edelman","NWE",0,1,0,0,0,0,0,0,39.6,1,2,0,2,5,87,0,27,0,0
101,2016,"LeGarrette Blount","NWE",0,0,0,0,0,0,0,0,,11,31,0,9,0,0,0,0,1,1
102,2016,"James White","NWE",0,0,0,0,0,0,0,0,,6,29,2,10,14,110,1,28,0,0
103,2016,"Dion Lewis","NWE",0,0,0,0,0,0,0,0,,6,27,0,13,1,2,0,2,0,0
104,2016,"Danny Amendola","NWE",0,0,0,0,0,0,0,0,,0,0,0,0,8,78,1,20,0,0
105,2016,"Malcolm Mitchell","NWE",0,0,0,0,0,0,0,0,,0,0,0,0,6,70,0,18,0,0
106,2016,"Martellus Bennett","NWE",0,0,0,0,0,0,0,0,,0,0,0,0,5,62,0,25,0,0
107,2016,"Chris Hogan","NWE",0,0,0,0,0,0,0,0,,0,0,0,0,4,57,0,18,0,0
108,2015,"Cam Newton","CAR",18,41,265,0,1,6,64,45,55.4,6,45,0,14,0,0,0,0,2,2
109,2015,"Ted Ginn Jr.","CAR",0,0,0,0,0,1,4,0,,0,0,0,0,4,74,0,45,0,0
110,2015,"Jonathan Stewart","CAR",0,0,0,0,0,0,0,0,,12,29,1,12,1,-1,0,-1,0,0
111,2015,"Fozzy Whittaker","CAR",0,0,0,0,0,0,0,0,,4,26,0,15,1,14,0,8,0,0
112,2015,"Mike Tolbert","CAR",0,0,0,0,0,0,0,0,,5,18,0,11,0,0,0,0,2,1
113,2015,"Corey Brown","CAR",0,0,0,0,0,0,0,0,,0,0,0,0,4,80,0,42,0,0
114,2015,"Greg Olsen","CAR",0,0,0,0,0,0,0,0,,0,0,0,0,4,41,0,19,0,0
115,2015,"Devin Funchess","CAR",0,0,0,0,0,0,0,0,,0,0,0,0,2,40,0,24,0,0
116,2015,"Jerricho Cotchery","CAR",0,0,0,0,0,0,0,0,,0,0,0,0,2,17,0,11,0,0
117,2015,"Peyton Manning","DEN",13,23,141,0,1,5,37,25,56.6,0,0,0,0,0,0,0,0,2,1
118,2015,"C.J. Anderson","DEN",0,0,0,0,0,0,0,0,,23,90,1,34,4,10,0,7,0,0
119,2015,"Emmanuel Sanders","DEN",0,0,0,0,0,0,0,0,,0,0,0,0,6,83,0,25,0,0
120,2015,"Andre Caldwell","DEN",0,0,0,0,0,0,0,0,,0,0,0,0,1,22,0,22,0,0
121,2015,"Owen Daniels","DEN",0,0,0,0,0,0,0,0,,0,0,0,0,1,18,0,18,0,0
122,2015,"Demaryius Thomas","DEN",0,0,0,0,0,0,0,0,,0,0,0,0,1,8,0,8,0,0
123,2015,"Ronnie Hillman","DEN",0,0,0,0,0,0,0,0,,5,0,0,3,0,0,0,0,0,0
124,2015,"Jordan Norwood","DEN",0,0,0,0,0,0,0,0,,0,0,0,0,0,0,0,0,0,0
125,2014,"Tom Brady","NWE",37,50,328,4,2,1,8,23,101.1,2,-3,0,-1,0,0,0,0,0,0
126,2014,"LeGarrette Blount","NWE",0,0,0,0,0,0,0,0,,14,40,0,9,0,0,0,0,0,0
127,2014,"Shane Vereen","NWE",0,0,0,0,0,0,0,0,,4,13,0,7,11,64,0,16,0,0
128,2014,"Julian Edelman","NWE",0,0,0,0,0,0,0,0,,1,7,0,7,9,109,1,23,0,0
129,2014,"Rob Gronkowski","NWE",0,0,0,0,0,0,0,0,,0,0,0,0,6,68,1,22,0,0
130,2014,"Danny Amendola","NWE",0,0,0,0,0,0,0,0,,0,0,0,0,5,48,1,17,0,0
131,2014,"Brandon LaFell","NWE",0,0,0,0,0,0,0,0,,0,0,0,0,4,29,1,11,0,0
132,2014,"James Develin","NWE",0,0,0,0,0,0,0,0,,0,0,0,0,1,6,0,6,0,0
133,2014,"Michael Hoomanawanui","NWE",0,0,0,0,0,0,0,0,,0,0,0,0,1,4,0,4,0,0
134,2014,"Russell Wilson","SEA",12,21,247,2,1,3,13,45,110.6,3,39,0,17,0,0,0,0,0,0
135,2014,"Marshawn Lynch","SEA",0,0,0,0,0,0,0,0,,24,102,1,15,1,31,0,31,0,0
136,2014,"Robert Turbin","SEA",0,0,0,0,0,0,0,0,,2,21,0,19,0,0,0,0,0,0
137,2014,"Chris Matthews","SEA",0,0,0,0,0,0,0,0,,0,0,0,0,4,109,1,45,0,0
138,2014,"Ricardo Lockette","SEA",0,0,0,0,0,0,0,0,,0,0,0,0,3,59,0,25,0,0
139,2014,"Jermaine Kearse","SEA",0,0,0,0,0,0,0,0,,0,0,0,0,3,45,0,33,0,0
140,2014,"Doug Baldwin","SEA",0,0,0,0,0,0,0,0,,0,0,0,0,1,3,1,3,0,0
141,2014,"Bryan Walters","SEA",0,0,0,0,0,0,0,0,,0,0,0,0,0,0,0,0,0,0
142,2013,"Peyton Manning","DEN",34,49,280,1,2,1,1,23,73.5,1,0,0,0,0,0,0,0,1,1
143,2013,"Knowshon Moreno","DEN",0,0,0,0,0,0,0,0,,5,17,0,9,3,20,0,7,1,0
144,2013,"C.J. Anderson","DEN",0,0,0,0,0,0,0,0,,2,9,0,6,1,14,0,14,0,0
145,2013,"Montee Ball","DEN",0,0,0,0,0,0,0,0,,6,1,0,3,2,2,0,1,0,0
146,2013,"Demaryius Thomas","DEN",0,0,0,0,0,0,0,0,,0,0,0,0,13,118,1,23,1,1
147,2013,"Wes Welker","DEN",0,0,0,0,0,0,0,0,,0,0,0,0,8,84,0,22,0,0
148,2013,"Julius Thomas","DEN",0,0,0,0,0,0,0,0,,0,0,0,0,4,27,0,11,0,0
149,2013,"Jacob Tamme","DEN",0,0,0,0,0,0,0,0,,0,0,0,0,2,9,0,11,0,0
150,2013,"Eric Decker","DEN",0,0,0,0,0,0,0,0,,0,0,0,0,1,6,0,6,0,0
151,2013,"Russell Wilson","SEA",18,25,206,2,0,0,0,37,123.1,3,26,0,16,0,0,0,0,0,0
152,2013,"Tarvaris Jackson","SEA",0,1,0,0,0,0,0,0,39.6,0,0,0,0,0,0,0,0,0,0
153,2013,"Percy Harvin","SEA",0,0,0,0,0,0,0,0,,2,45,0,30,1,5,0,5,0,0
154,2013,"Marshawn Lynch","SEA",0,0,0,0,0,0,0,0,,15,39,1,18,0,0,0,0,0,0
155,2013,"Robert Turbin","SEA",0,0,0,0,0,0,0,0,,9,25,0,6,0,0,0,0,0,0
156,2013,"Doug Baldwin","SEA",0,0,0,0,0,0,0,0,,0,0,0,0,5,66,1,37,0,0
157,2013,"Jermaine Kearse","SEA",0,0,0,0,0,0,0,0,,0,0,0,0,4,65,1,24,0,0
158,2013,"Ricardo Lockette","SEA",0,0,0,0,0,0,0,0,,0,0,0,0,1,19,0,19,0,0
159,2013,"Golden Tate","SEA",0,0,0,0,0,0,0,0,,0,0,0,0,3,17,0,9,0,0
160,2013,"Luke Willson","SEA",0,0,0,0,0,0,0,0,,0,0,0,0,2,17,0,12,0,0
161,2013,"Zach Miller","SEA",0,0,0,0,0,0,0,0,,0,0,0,0,1,10,0,10,0,0
162,2013,"Michael Robinson","SEA",0,0,0,0,0,0,0,0,,0,0,0,0,1,7,0,7,0,0
163,2012,"Joe Flacco","BAL",22,33,287,3,0,2,13,56,124.2,0,0,0,0,0,0,0,0,0,0
164,2012,"Ray Rice","BAL",0,0,0,0,0,0,0,0,,20,59,0,12,4,19,0,7,1,1
165,2012,"Bernard Pierce","BAL",0,0,0,0,0,0,0,0,,12,33,0,8,0,0,0,0,0,0
166,2012,"Justin Tucker","BAL",0,0,0,0,0,0,0,0,,1,8,0,8,0,0,0,0,0,0
167,2012,"Vonta Leach","BAL",0,0,0,0,0,0,0,0,,1,1,0,1,3,10,0,8,0,0
168,2012,"Anquan Boldin","BAL",0,0,0,0,0,0,0,0,,0,0,0,0,6,104,1,30,0,0
169,2012,"Jacoby Jones","BAL",0,0,0,0,0,0,0,0,,0,0,0,0,1,56,1,56,1,0
170,2012,"Ed Dickson","BAL",0,0,0,0,0,0,0,0,,0,0,0,0,2,37,0,23,0,0
171,2012,"Torrey Smith","BAL",0,0,0,0,0,0,0,0,,0,0,0,0,2,35,0,20,0,0
172,2012,"Dennis Pitta","BAL",0,0,0,0,0,0,0,0,,0,0,0,0,4,26,1,9,0,0
173,2012,"Sam Koch","BAL",0,0,0,0,0,0,0,0,,1,-8,0,-8,0,0,0,0,0,0
174,2012,"Colin Kaepernick","SFO",16,28,302,1,1,3,16,32,91.7,7,62,1,15,0,0,0,0,0,0
175,2012,"Frank Gore","SFO",0,0,0,0,0,0,0,0,,19,110,1,33,0,0,0,0,0,0
176,2012,"LaMichael James","SFO",0,0,0,0,0,0,0,0,,3,10,0,9,0,0,0,0,1,1
177,2012,"Michael Crabtree","SFO",0,0,0,0,0,0,0,0,,0,0,0,0,5,109,1,31,0,0
178,2012,"Vernon Davis","SFO",0,0,0,0,0,0,0,0,,0,0,0,0,6,104,0,29,0,0
179,2012,"Delanie Walker","SFO",0,0,0,0,0,0,0,0,,0,0,0,0,3,48,0,28,0,0
180,2012,"Randy Moss","SFO",0,0,0,0,0,0,0,0,,0,0,0,0,2,41,0,32,0,0
181,2012,"Ted Ginn Jr.","SFO",0,0,0,0,0,0,0,0,,0,0,0,0,0,0,0,0,0,0
182,2011,"Tom Brady","NWE",27,41,276,2,1,2,10,21,91.1,0,0,0,0,0,0,0,0,0,
183,2011,"BenJarvus Green-Ellis","NWE",0,0,0,0,0,,,0,,10,44,0,17,2,15,0,8,0,
184,2011,"Wes Welker","NWE",0,0,0,0,0,,,0,,2,21,0,11,7,60,0,19,0,
185,2011,"Danny Woodhead","NWE",0,0,0,0,0,,,0,,7,18,0,6,4,42,1,19,0,
186,2011,"Aaron Hernandez","NWE",0,0,0,0,0,,,0,,0,0,0,0,8,67,1,12,0,
187,2011,"Deion Branch","NWE",0,0,0,0,0,,,0,,0,0,0,0,3,45,0,19,0,
188,2011,"Rob Gronkowski","NWE",0,0,0,0,0,,,0,,0,0,0,0,2,26,0,20,0,
189,2011,"Chad Johnson","NWE",0,0,0,0,0,,,0,,0,0,0,0,1,21,0,21,0,
190,2011,"Eli Manning","NYG",30,40,296,1,0,3,14,38,103.7,1,-1,0,-1,0,0,0,0,0,
191,2011,"Ahmad Bradshaw","NYG",0,0,0,0,0,,,0,,17,72,1,24,2,19,0,11,1,0
192,2011,"Brandon Jacobs","NYG",0,0,0,0,0,,,0,,9,37,0,11,0,0,0,0,0,
193,2011,"Danny Ware","NYG",0,0,0,0,0,,,0,,1,6,0,6,1,8,0,8,0,
194,2011,"Hakeem Nicks","NYG",0,0,0,0,0,,,0,,0,0,0,0,10,109,0,19,1,0
195,2011,"Mario Manningham","NYG",0,0,0,0,0,,,0,,0,0,0,0,5,73,0,38,0,
196,2011,"Bear Pascoe","NYG",0,0,0,0,0,,,0,,0,0,0,0,4,33,0,12,0,
197,2011,"Victor Cruz","NYG",0,0,0,0,0,,,0,,0,0,0,0,4,25,1,8,0,
198,2011,"Henry Hynoski","NYG",0,0,0,0,0,,,0,,0,0,0,0,2,19,0,13,0,
199,2011,"Jake Ballard","NYG",0,0,0,0,0,,,0,,0,0,0,0,2,10,0,9,0,
200,2010,"Aaron Rodgers","GNB",24,39,304,3,0,3,16,38,111.5,2,-2,0,-1,0,0,0,0,0,
201,2010,"James Starks","GNB",0,0,0,0,0,,,0,,11,52,0,14,0,0,0,0,0,
202,2010,"Jordy Nelson","GNB",0,0,0,0,0,,,0,,0,0,0,0,9,140,1,38,0,
203,2010,"Greg Jennings","GNB",0,0,0,0,0,,,0,,0,0,0,0,4,64,2,31,0,
204,2010,"James Jones","GNB",0,0,0,0,0,,,0,,0,0,0,0,5,50,0,21,0,
205,2010,"Donald Driver","GNB",0,0,0,0,0,,,0,,0,0,0,0,2,28,0,24,0,
206,2010,"Brandon Jackson","GNB",0,0,0,0,0,,,0,,0,0,0,0,1,14,0,14,0,
207,2010,"Andrew Quarless","GNB",0,0,0,0,0,,,0,,0,0,0,0,1,5,0,5,0,
208,2010,"Korey Hall","GNB",0,0,0,0,0,,,0,,0,0,0,0,1,2,0,2,0,
209,2010,"Tom Crabtree","GNB",0,0,0,0,0,,,0,,0,0,0,0,1,1,0,1,0,
210,2010,"Brett Swain","GNB",0,0,0,0,0,,,0,,0,0,0,0,0,0,0,0,0,
211,2010,"Ben Roethlisberger","PIT",25,40,263,2,2,1,2,37,77.4,4,31,0,18,0,0,0,0,0,
212,2010,"Rashard Mendenhall","PIT",0,0,0,0,0,,,0,,14,63,1,17,1,7,0,7,1,1
213,2010,"Isaac Redman","PIT",0,0,0,0,0,,,0,,2,19,0,16,0,0,0,0,0,
214,2010,"Mewelde Moore","PIT",0,0,0,0,0,,,0,,3,13,0,7,0,0,0,0,0,
215,2010,"Mike Wallace","PIT",0,0,0,0,0,,0,0,,0,0,0,0,9,89,1,25,0,
216,2010,"Hines Ward","PIT",0,0,0,0,0,,0,0,,0,0,0,0,7,78,1,17,0,
217,2010,"Antwaan Randle El","PIT",0,0,0,0,0,,,0,,0,0,0,0,2,50,0,37,0,
218,2010,"Emmanuel Sanders","PIT",0,0,0,0,0,,,0,,0,0,0,0,2,17,0,13,0,
219,2010,"Heath Miller","PIT",0,0,0,0,0,,,0,,0,0,0,0,2,12,0,15,0,
220,2010,"Matt Spaeth","PIT",0,0,0,0,0,,,0,,0,0,0,0,1,9,0,9,0,
221,2010,"Antonio Brown","PIT",0,0,0,0,0,,,0,,0,0,0,0,1,1,0,1,0,
222,2009,"Peyton Manning","IND",31,45,333,1,1,0,0,40,88.5,0,0,0,0,0,0,0,0,0,
223,2009,"Joseph Addai","IND",0,0,0,0,0,,,0,,13,77,1,26,7,58,0,17,0,
224,2009,"Donald Brown","IND",0,0,0,0,0,,,0,,4,18,0,5,1,11,0,11,0,
225,2009,"Mike Hart","IND",0,0,0,0,0,,,0,,2,4,0,4,0,0,0,0,0,
226,2009,"Dallas Clark","IND",0,0,0,0,0,,,0,,0,0,0,0,7,86,0,27,0,
227,2009,"Austin Collie","IND",0,0,0,0,0,,,0,,0,0,0,0,6,66,0,40,0,
228,2009,"Pierre Garcon","IND",0,0,0,0,0,,,0,,0,0,0,0,5,66,1,19,0,
229,2009,"Reggie Wayne","IND",0,0,0,0,0,,0,0,,0,0,0,0,5,46,0,14,0,
230,2009,"Drew Brees","NOR",32,39,288,2,0,1,7,27,114.5,1,-1,0,-1,0,0,0,0,0,
231,2009,"Pierre Thomas","NOR",0,0,0,0,0,,,0,,9,30,0,7,6,55,1,16,0,
232,2009,"Reggie Bush","NOR",0,0,0,0,0,,,0,,5,25,0,12,4,38,0,16,0,
233,2009,"Mike Bell","NOR",0,0,0,0,0,,,0,,2,4,0,4,0,0,0,0,0,
234,2009,"Marques Colston","NOR",0,0,0,0,0,,,0,,0,0,0,0,7,83,0,27,0,0
235,2009,"Lance Moore","NOR",0,0,0,0,0,,,0,,0,0,0,0,2,21,0,21,0,
236,2009,"Jeremy Shockey","NOR",0,0,0,0,0,,,0,,0,0,0,0,3,13,1,7,0,
237,2009,"David Thomas","NOR",0,0,0,0,0,,,0,,0,0,0,0,1,9,0,9,0,
238,2009,"Robert Meachem","NOR",0,0,0,0,0,,,0,,0,0,0,0,2,6,0,6,0,
239,2009,"Devery Henderson","NOR",0,0,0,0,0,,,0,,1,-7,0,-7,7,63,0,19,0,
240,2008,"Kurt Warner","ARI",31,43,377,3,1,2,3,64,112.3,1,0,0,0,0,0,0,0,2,1
241,2008,"Edgerrin James","ARI",0,0,0,0,0,0,0,0,,9,33,0,9,4,28,0,11,0,
242,2008,"Larry Fitzgerald","ARI",0,0,0,0,0,0,0,0,,0,0,0,0,7,127,2,64,0,
243,2008,"Anquan Boldin","ARI",0,0,0,0,0,0,0,0,,0,0,0,0,8,84,0,45,0,
244,2008,"Steve Breaston","ARI",0,0,0,0,0,0,0,0,,0,0,0,0,6,71,0,23,0,
245,2008,"J.J. Arrington","ARI",0,0,0,0,0,0,0,0,,1,0,0,0,2,35,0,22,0,0
246,2008,"Jerheme Urban","ARI",0,0,0,0,0,0,0,0,,0,0,0,0,1,18,0,18,0,0
247,2008,"Tim Hightower","ARI",0,0,0,0,0,0,0,0,,1,0,0,0,2,13,0,10,0,
248,2008,"Ben Patrick","ARI",0,0,0,0,0,0,0,0,,0,0,0,0,1,1,1,1,0,
249,2008,"Leonard Pope","ARI",0,0,0,0,0,0,0,0,,0,0,0,0,0,0,0,0,0,
250,2008,"Ben Roethlisberger","PIT",21,30,256,1,1,3,22,40,93.2,3,2,0,4,0,0,0,0,0,
251,2008,"Willie Parker","PIT",0,0,0,0,0,,,0,,19,53,0,15,1,-2,0,-2,0,
252,2008,"Mewelde Moore","PIT",0,0,0,0,0,,,0,,1,6,0,6,1,4,0,4,0,
253,2008,"Santonio Holmes","PIT",0,0,0,0,0,,,0,,0,0,0,0,9,131,1,40,0,
254,2008,"Heath Miller","PIT",0,0,0,0,0,,,0,,0,0,0,0,5,57,0,21,0,
255,2008,"Hines Ward","PIT",0,0,0,0,0,,,0,,0,0,0,0,2,43,0,38,0,
256,2008,"Nate Washington","PIT",0,0,0,0,0,,,0,,0,0,0,0,1,11,0,11,0,
257,2008,"Matt Spaeth","PIT",0,0,0,0,0,,,0,,0,0,0,0,1,6,0,6,0,
258,2008,"Carey Davis","PIT",0,0,0,0,0,,,0,,0,0,0,0,1,6,0,6,0,
259,2008,"Gary Russell","PIT",0,0,0,0,0,,,0,,2,-3,1,1,0,0,0,0,0,0
260,2007,"Tom Brady","NWE",29,48,266,1,0,5,37,19,82.5,0,0,0,0,0,0,0,0,1,1
261,2007,"Laurence Maroney","NWE",0,0,0,0,0,,,0,,14,36,1,9,2,12,0,8,0,
262,2007,"Kevin Faulk","NWE",0,0,0,0,0,,,0,,1,7,0,7,7,52,0,14,0,
263,2007,"Heath Evans","NWE",0,0,0,0,0,,,0,,1,2,0,2,0,0,0,0,0,
264,2007,"Wes Welker","NWE",0,0,0,0,0,,0,0,,0,0,0,0,11,103,0,19,0,
265,2007,"Randy Moss","NWE",0,0,0,0,0,,,0,,0,0,0,0,5,62,1,18,0,
266,2007,"Donte' Stallworth","NWE",0,0,0,0,0,,,0,,0,0,0,0,3,34,0,18,0,
267,2007,"Kyle Brady","NWE",0,0,0,0,0,,,0,,0,0,0,0,1,3,0,3,0,
268,2007,"Ben Watson","NWE",0,0,0,0,0,,0,0,,0,0,0,0,0,0,0,0,0,
269,2007,"Jabar Gaffney","NWE",0,0,0,0,0,,,0,,0,0,0,0,0,0,0,0,0,
270,2007,"Eli Manning","NYG",19,34,255,2,1,3,8,45,87.3,3,4,0,5,0,0,0,0,2,0
271,2007,"Ahmad Bradshaw","NYG",0,0,0,0,0,,,0,,9,45,0,13,1,3,0,3,0,
272,2007,"Brandon Jacobs","NYG",0,0,0,0,0,,,0,,14,42,0,7,0,0,0,0,0,
273,2007,"Amani Toomer","NYG",0,0,0,0,0,,,0,,0,0,0,0,6,84,0,38,0,
274,2007,"Steve Smith","NYG",0,0,0,0,0,,,0,,0,0,0,0,5,50,0,17,0,
275,2007,"Kevin Boss","NYG",0,0,0,0,0,,,0,,0,0,0,0,1,45,0,45,0,
276,2007,"David Tyree","NYG",0,0,0,0,0,,,0,,0,0,0,0,3,43,1,32,0,
277,2007,"Plaxico Burress","NYG",0,0,0,0,0,,,0,,0,0,0,0,2,27,1,14,0,
278,2007,"Madison Hedgecock","NYG",0,0,0,0,0,,,0,,0,0,0,0,1,3,0,3,0,
279,2006,"Rex Grossman","CHI",20,28,165,1,2,1,11,22,68.3,2,0,0,0,0,0,0,0,2,1
280,2006,"Thomas Jones","CHI",0,0,0,0,0,,,0,,15,112,0,52,4,18,0,14,0,
281,2006,"Desmond Clark","CHI",0,0,0,0,0,,,0,,0,0,0,0,6,64,0,18,0,
282,2006,"Bernard Berrian","CHI",0,0,0,0,0,,,0,,0,0,0,0,4,38,0,14,0,
283,2006,"Muhsin Muhammad","CHI",0,0,0,0,0,,,0,,0,0,0,0,3,35,1,22,0,
284,2006,"Jason McKie","CHI",0,0,0,0,0,,,0,,0,0,0,0,2,8,0,4,0,
285,2006,"Rashied Davis","CHI",0,0,0,0,0,,,0,,0,0,0,0,1,2,0,2,0,
286,2006,"Cedric Benson","CHI",0,0,0,0,0,,,0,,2,-1,0,4,0,0,0,0,1,1
287,2006,"Peyton Manning","IND",25,38,247,1,1,1,8,53,81.8,1,0,0,0,0,0,0,0,1,1
288,2006,"Dominic Rhodes","IND",0,0,0,0,0,,,0,,21,113,1,36,1,8,0,8,0,
289,2006,"Joseph Addai","IND",0,0,0,0,0,,,0,,19,77,0,14,10,66,0,12,0,0
290,2006,"Dallas Clark","IND",0,0,0,0,0,,,0,,1,1,0,1,4,36,0,17,0,
291,2006,"Reggie Wayne","IND",0,0,0,0,0,,,0,,0,0,0,0,2,61,1,53,0,
292,2006,"Marvin Harrison","IND",0,0,0,0,0,,,0,,0,0,0,0,5,59,0,22,0,
293,2006,"Bryan Fletcher","IND",0,0,0,0,0,,,0,,0,0,0,0,2,9,0,6,1,1
294,2006,"Ben Utecht","IND",0,0,0,0,0,,,0,,0,0,0,0,1,8,0,8,0,
295,2006,"Aaron Moorehead","IND",,,,,,,,,,,,,,0,0,0,,0,
296,2005,"Ben Roethlisberger","PIT",9,21,123,0,2,1,8,37,22.6,7,25,1,10,0,0,0,0,0,
297,2005,"Antwaan Randle El","PIT",1,1,43,1,0,0,0,43,158.3,0,0,0,0,3,22,0,8,0,
298,2005,"Jerome Bettis","PIT",0,0,0,0,0,0,,0,,14,43,0,12,0,0,0,0,0,
299,2005,"Willie Parker","PIT",0,0,0,0,0,,,0,,10,93,1,75,1,1,0,1,0,
300,2005,"Hines Ward","PIT",0,0,0,0,0,,0,0,,1,18,0,18,5,123,1,43,0,
301,2005,"Verron Haynes","PIT",0,0,0,0,0,,,0,,1,2,0,2,0,0,0,0,0,
302,2005,"Cedrick Wilson","PIT",0,0,0,0,0,,0,0,,0,0,0,0,1,20,0,20,0,
303,2005,"Jerame Tuman","PIT",,,,,,,,,,,,,,0,0,0,,0,
304,2005,"Nate Washington","PIT",,,,,,,,,,,,,,0,0,0,,0,
305,2005,"Matt Hasselbeck","SEA",26,49,273,1,1,3,14,35,67.8,3,35,0,18,0,0,0,0,0,
306,2005,"Shaun Alexander","SEA",0,0,0,0,0,,,0,,20,95,0,21,2,2,0,4,0,
307,2005,"Mack Strong","SEA",0,0,0,0,0,,,0,,2,7,0,7,2,15,0,13,0,
308,2005,"Joe Jurevicius","SEA",0,0,0,0,0,,,0,,0,0,0,0,5,93,0,35,0,
309,2005,"Bobby Engram","SEA",0,0,0,0,0,,,0,,0,0,0,0,6,70,0,21,0,
310,2005,"Darrell Jackson","SEA",0,0,0,0,0,,,0,,0,0,0,0,5,50,0,20,0,
311,2005,"Jerramy Stevens","SEA",0,0,0,0,0,,,0,,0,0,0,0,3,25,1,16,0,
312,2005,"Ryan Hannam","SEA",0,0,0,0,0,,,0,,0,0,0,0,2,12,0,9,0,
313,2005,"Maurice Morris","SEA",0,0,0,0,0,,,0,,0,0,0,0,1,6,0,6,0,0
314,2005,"D.J. Hackett","SEA",,,,,,,,,,,,,,0,0,0,,0,
315,2004,"Tom Brady","NWE",23,33,236,2,0,2,17,27,110.2,1,-1,0,-1,0,0,0,0,1,1
316,2004,"Corey Dillon","NWE",0,0,0,0,0,,,0,,18,75,1,25,3,31,0,16,0,
317,2004,"Kevin Faulk","NWE",0,0,0,0,0,,,0,,8,38,0,12,2,27,0,14,0,
318,2004,"Deion Branch","NWE",0,0,0,0,0,,,0,,0,0,0,0,11,133,0,27,0,
319,2004,"David Givens","NWE",0,0,0,0,0,,,0,,0,0,0,0,3,19,1,13,0,
320,2004,"Troy Brown","NWE",0,0,0,0,0,,,0,,0,0,0,0,2,17,0,12,0,
321,2004,"Daniel Graham","NWE",0,0,0,0,0,,,0,,0,0,0,0,1,7,0,7,0,
322,2004,"Mike Vrabel","NWE",0,0,0,0,0,,0,0,,0,0,0,0,1,2,1,2,0,
323,2004,"Patrick Pass","NWE",0,0,0,0,0,,,0,,1,0,0,0,0,0,0,0,0,
324,2004,"David Patten","NWE",,,,,,,,,,,,,,0,0,0,,0,
325,2004,"Donovan McNabb","PHI",30,51,357,3,3,4,33,40,75.4,1,0,0,0,0,0,0,0,0,
326,2004,"Brian Westbrook","PHI",0,0,0,0,0,,,0,,15,44,0,22,7,60,1,15,1,0
327,2004,"Dorsey Levens","PHI",0,0,0,0,0,,,0,,1,1,0,1,0,0,0,0,0,
328,2004,"Terrell Owens","PHI",0,0,0,0,0,,,0,,0,0,0,0,9,122,0,36,0,
329,2004,"Todd Pinkston","PHI",0,0,0,0,0,,,0,,0,0,0,0,4,82,0,40,0,
330,2004,"Greg Lewis","PHI",0,0,0,0,0,,,0,,0,0,0,0,4,53,1,30,0,
331,2004,"L.J. Smith","PHI",0,0,0,0,0,,,0,,0,0,0,0,4,27,1,9,1,1
332,2004,"Freddie Mitchell","PHI",0,0,0,0,0,,,0,,0,0,0,0,1,11,0,11,0,
333,2004,"Josh Parry","PHI",0,0,0,0,0,,,0,,0,0,0,0,1,2,0,2,0,
334,2003,"Jake Delhomme","CAR",16,33,323,3,0,4,28,85,113.6,0,0,0,0,0,0,0,0,1,1
335,2003,"Steve Smith Sr.","CAR",0,0,0,0,0,0,,0,,0,0,0,0,4,80,1,39,0,
336,2003,"Stephen Davis","CAR",0,0,0,0,0,,,0,,13,49,0,21,0,0,0,0,0,
337,2003,"DeShaun Foster","CAR",0,0,0,0,0,,,0,,3,43,1,33,1,9,0,9,0,
338,2003,"Muhsin Muhammad","CAR",0,0,0,0,0,,,0,,0,0,0,0,4,140,1,85,0,
339,2003,"Ricky Proehl","CAR",0,0,0,0,0,,,0,,0,0,0,0,4,71,1,31,0,
340,2003,"Jermaine Wiggins","CAR",0,0,0,0,0,,0,0,,0,0,0,0,2,21,0,15,0,
341,2003,"Kris Mangum","CAR",0,0,0,0,0,,,0,,0,0,0,0,1,2,0,2,0,
342,2003,"Brad Hoover","CAR",0,0,0,0,0,,,0,,0,0,0,0,0,0,0,0,0,
343,2003,"Tom Brady","NWE",32,48,354,3,1,0,0,52,100.5,2,12,0,12,0,0,0,0,0,
344,2003,"Antowain Smith","NWE",0,0,0,0,0,,,0,,26,83,1,9,0,0,0,0,0,
345,2003,"Kevin Faulk","NWE",0,0,0,0,0,,,0,,6,42,0,23,4,19,0,7,0,
346,2003,"Deion Branch","NWE",0,0,0,0,0,,,0,,0,0,0,0,10,143,1,52,0,
347,2003,"David Givens","NWE",0,0,0,0,0,,,0,,0,0,0,0,5,69,1,25,0,
348,2003,"Daniel Graham","NWE",0,0,0,0,0,,,0,,0,0,0,0,4,46,0,33,0,
349,2003,"Mike Vrabel","NWE",0,0,0,0,0,,,0,,0,0,0,0,1,1,1,1,0,
350,2003,"Bethel Johnson","NWE",0,0,0,0,0,,,0,,0,0,0,0,0,0,0,0,0,0
351,2003,"Larry Centers","NWE",0,0,0,0,0,,,0,,0,0,0,0,0,0,0,0,0,
352,2003,"Troy Brown","NWE",0,0,0,0,0,,,0,,1,-10,0,-10,8,76,0,13,1,0
353,2003,"Christian Fauria","NWE",,,,,,,,,,,,,,0,0,0,,0,
354,2003,"Dedric Ward","NWE",,,,,,,,,,,,,,0,0,0,,0,
355,2002,"Rich Gannon","OAK",24,44,272,2,5,5,22,48,48.9,2,3,0,2,0,0,0,0,1,0
356,2002,"Charlie Garner","OAK",0,0,0,0,0,,,0,,7,10,0,4,7,51,0,9,0,
357,2002,"Zack Crockett","OAK",0,0,0,0,0,,,0,,2,6,0,4,0,0,0,0,0,
358,2002,"Jerry Rice","OAK",0,0,0,0,0,,,0,,0,0,0,0,5,77,1,48,0,
359,2002,"Jerry Porter","OAK",0,0,0,0,0,,,0,,0,0,0,0,4,62,1,39,0,
360,2002,"Doug Jolley","OAK",0,0,0,0,0,,,0,,0,0,0,0,5,59,0,25,0,
361,2002,"Tim Brown","OAK",0,0,0,0,0,,,0,,0,0,0,0,1,9,0,9,0,
362,2002,"Tyrone Wheatley","OAK",0,0,0,0,0,,0,0,,0,0,0,0,1,7,0,7,0,
363,2002,"Jon Ritchie","OAK",0,0,0,0,0,,,0,,0,0,0,0,1,7,0,7,0,
364,2002,"Marcus Knight","OAK",0,0,0,0,0,,,0,,0,0,0,0,0,0,0,0,0,
365,2002,"Brad Johnson","TAM",18,34,215,2,1,0,0,33,79.9,1,10,0,10,0,0,0,0,0,
366,2002,"Michael Pittman","TAM",0,0,0,0,0,,,0,,29,124,0,24,0,0,0,0,0,
367,2002,"Mike Alstott","TAM",0,0,0,0,0,,,0,,10,15,1,5,5,43,0,16,0,
368,2002,"Aaron Stecker","TAM",0,0,0,0,0,,,0,,1,1,0,1,0,0,0,0,0,
369,2002,"Joe Jurevicius","TAM",0,0,0,0,0,,,0,,0,0,0,0,4,78,0,33,0,
370,2002,"Keyshawn Johnson","TAM",0,0,0,0,0,,,0,,0,0,0,0,6,69,0,18,0,
371,2002,"Keenan McCardell","TAM",0,0,0,0,0,,,0,,0,0,0,0,2,13,2,8,0,
372,2002,"Ken Dilger","TAM",0,0,0,0,0,,,0,,0,0,0,0,1,12,0,12,0,
373,2002,"Tom Tupa","TAM",0,0,0,0,0,,,0,,1,0,0,0,0,0,0,0,1,0
374,2002,"Rickey Dudley","TAM",,,,,,,,,,,,,,0,0,0,,0,
375,2001,"Tom Brady","NWE",16,27,145,1,0,1,7,23,86.2,1,3,0,3,0,0,0,0,0,
376,2001,"Kevin Faulk","NWE",0,0,0,0,0,1,4,0,,2,15,0,8,1,-1,0,-1,0,
377,2001,"Antowain Smith","NWE",0,0,0,0,0,,,0,,18,92,0,17,1,4,0,4,0,
378,2001,"David Patten","NWE",0,0,0,0,0,,,0,,1,22,0,22,1,8,1,8,0,
379,2001,"Marc Edwards","NWE",0,0,0,0,0,,,0,,2,5,0,3,2,7,0,5,0,
380,2001,"Troy Brown","NWE",0,0,0,0,0,,,0,,0,0,0,0,6,89,0,23,0,
381,2001,"Jermaine Wiggins","NWE",0,0,0,0,0,,0,0,,0,0,0,0,2,14,0,8,0,
382,2001,"Patrick Pass","NWE",0,0,0,0,0,,,0,,0,0,0,0,0,0,0,0,0,
383,2001,"J.R. Redmond","NWE",0,0,0,0,0,,,0,,1,-4,0,-4,3,24,0,11,0,
384,2001,"Kurt Warner","STL",28,44,365,1,2,3,28,30,78.3,3,6,1,5,0,0,0,0,1,0
385,2001,"Marshall Faulk","STL",0,0,0,0,0,,,0,,17,76,0,15,4,54,0,18,0,
386,2001,"Az-Zahir Hakim","STL",0,0,0,0,0,,,0,,1,5,0,5,5,90,0,29,0,
387,2001,"James Hodgins","STL",0,0,0,0,0,,,0,,1,3,0,3,1,8,0,8,0,
388,2001,"Ricky Proehl","STL",0,0,0,0,0,,,0,,0,0,0,0,3,71,1,30,1,1
389,2001,"Isaac Bruce","STL",0,0,0,0,0,,,0,,0,0,0,0,5,56,0,22,0,
390,2001,"Torry Holt","STL",0,0,0,0,0,,,0,,0,0,0,0,5,49,0,18,0,
391,2001,"Jeff Robinson","STL",0,0,0,0,0,,,0,,0,0,0,0,2,18,0,12,0,
392,2001,"Yo Murphy","STL",0,0,0,0,0,,,0,,0,0,0,0,1,11,0,11,0,
393,2001,"Ernie Conwell","STL",0,0,0,0,0,,,0,,0,0,0,0,2,8,0,9,0,
394,2000,"Kerry Collins","NYG",15,39,112,0,4,4,26,19,7.1,3,12,0,5,0,0,0,0,1,0
395,2000,"Tiki Barber","NYG",0,0,0,0,0,,,0,,11,49,0,27,6,26,0,7,0,
396,2000,"Joe Montgomery","NYG",0,0,0,0,0,,,0,,2,5,0,4,0,0,0,0,0,
397,2000,"Ike Hilliard","NYG",0,0,0,0,0,,,0,,0,0,0,0,3,30,0,13,0,
398,2000,"Amani Toomer","NYG",0,0,0,0,0,,0,0,,0,0,0,0,2,24,0,19,0,
399,2000,"Ron Dixon","NYG",0,0,0,0,0,,,0,,0,0,0,0,1,16,0,16,1,0
400,2000,"Howard Cross","NYG",0,0,0,0,0,,,0,,0,0,0,0,1,7,0,7,0,
401,2000,"Pete Mitchell","NYG",0,0,0,0,0,,,0,,0,0,0,0,1,7,0,7,0,
402,2000,"Greg Comella","NYG",0,0,0,0,0,,,0,,0,0,0,0,1,2,0,2,0,
403,2000,"Joe Jurevicius","NYG",,,,,,,,,,,,,,0,0,0,,0,
404,2000,"Trent Dilfer","BAL",12,25,153,1,0,3,20,44,80.9,1,0,0,0,0,0,0,0,1,0
405,2000,"Tony Banks","BAL",0,1,0,0,0,0,0,0,39.6,0,0,0,0,0,0,0,0,0,
406,2000,"Jamal Lewis","BAL",0,0,0,0,0,,,0,,27,102,1,19,1,4,0,4,0,
407,2000,"Priest Holmes","BAL",0,0,0,0,0,,,0,,4,8,0,6,1,4,0,4,0,
408,2000,"Jermaine Lewis","BAL",0,0,0,0,0,,,0,,1,1,0,1,1,6,0,6,1,0
409,2000,"Brandon Stokley","BAL",0,0,0,0,0,,,0,,0,0,0,0,3,52,1,38,0,
410,2000,"Qadry Ismail","BAL",0,0,0,0,0,,,0,,0,0,0,0,1,44,0,44,0,
411,2000,"Ben Coates","BAL",0,0,0,0,0,,,0,,0,0,0,0,3,30,0,17,0,
412,2000,"Patrick Johnson","BAL",0,0,0,0,0,,,0,,0,0,0,0,1,8,0,8,0,
413,2000,"Shannon Sharpe","BAL",0,0,0,0,0,,,0,,0,0,0,0,1,5,0,5,0,
414,1999,"Steve McNair","TEN",22,36,214,0,0,1,6,32,77.8,8,64,0,23,0,0,0,0,0,
415,1999,"Eddie George","TEN",0,0,0,0,0,,,0,,28,95,2,13,2,35,0,32,0,
416,1999,"Jackie Harris","TEN",0,0,0,0,0,,,0,,0,0,0,0,7,64,0,21,1,0
417,1999,"Kevin Dyson","TEN",0,0,0,0,0,,,0,,0,0,0,0,4,41,0,16,0,
418,1999,"Frank Wycheck","TEN",0,0,0,0,0,,0,0,,0,0,0,0,5,35,0,13,0,
419,1999,"Isaac Byrd","TEN",0,0,0,0,0,,,0,,0,0,0,0,2,21,0,21,0,
420,1999,"Derrick Mason","TEN",0,0,0,0,0,,,0,,0,0,0,0,2,18,0,9,0,
421,1999,"Chris Sanders","TEN",,,,,,,,,,,,,,0,0,0,,0,
422,1999,"Kurt Warner","STL",24,45,414,2,0,2,7,73,99.7,1,1,0,1,0,0,0,0,1,0
423,1999,"Marshall Faulk","STL",0,0,0,0,0,,,0,,10,17,0,4,5,90,0,52,0,
424,1999,"Robert Holcombe","STL",0,0,0,0,0,,,0,,1,11,0,11,1,1,0,1,0,
425,1999,"Isaac Bruce","STL",0,0,0,0,0,,,0,,0,0,0,0,6,162,1,73,0,
426,1999,"Torry Holt","STL",0,0,0,0,0,,,0,,0,0,0,0,7,109,1,32,0,
427,1999,"Az-Zahir Hakim","STL",0,0,0,0,0,,,0,,0,0,0,0,1,17,0,17,0,
428,1999,"Ernie Conwell","STL",0,0,0,0,0,,,0,,0,0,0,0,1,16,0,16,0,
429,1999,"Ricky Proehl","STL",0,0,0,0,0,,,0,,0,0,0,0,1,11,0,11,0,
430,1999,"Roland Williams","STL",0,0,0,0,0,,,0,,0,0,0,0,1,9,0,11,0,
431,1999,"Mike Horan","STL",0,0,0,0,0,,,0,,1,0,0,0,0,0,0,0,1,0
432,1999,"Fred Miller","STL",0,0,0,0,0,,,0,,0,0,0,0,1,-1,0,-1,0,
433,1998,"Chris Chandler","ATL",19,35,219,1,3,2,13,30,47.2,4,30,0,12,0,0,0,0,0,
434,1998,"Jamal Anderson","ATL",0,0,0,0,0,0,0,0,,18,96,0,15,3,16,0,9,1,1
435,1998,"Tim Dwight","ATL",0,0,0,0,0,0,0,0,,1,5,0,5,0,0,0,0,0,
436,1998,"Terance Mathis","ATL",0,0,0,0,0,0,0,0,,0,0,0,0,7,85,1,30,0,
437,1998,"Tony Martin","ATL",0,0,0,0,0,0,0,0,,0,0,0,0,5,79,0,23,0,
438,1998,"Ronnie Harris","ATL",0,0,0,0,0,0,0,0,,0,0,0,0,2,21,0,13,0,
439,1998,"O.J. Santiago","ATL",0,0,0,0,0,0,0,0,,0,0,0,0,1,13,0,13,0,
440,1998,"Brian Kozlowski","ATL",0,0,0,0,0,0,0,0,,0,0,0,0,1,5,0,5,0,
441,1998,"Harold Green","ATL",,,,,,,,,,,,,,0,0,0,,0,
442,1998,"John Elway","DEN",18,29,336,1,1,0,0,80,99.2,3,2,1,3,0,0,0,0,0,
443,1998,"Terrell Davis","DEN",0,0,0,0,0,0,0,0,,25,102,0,15,2,50,0,39,0,
444,1998,"Howard Griffith","DEN",0,0,0,0,0,0,0,0,,4,9,2,4,1,7,0,7,0,
445,1998,"Derek Loville","DEN",0,0,0,0,0,0,0,0,,2,8,0,6,0,0,0,0,0,
446,1998,"Rod Smith","DEN",0,0,0,0,0,0,0,0,,1,1,0,1,5,152,1,80,0,
447,1998,"Ed McCaffrey","DEN",0,0,0,0,0,0,0,0,,0,0,0,0,5,72,0,25,0,
448,1998,"Byron Chamberlain","DEN",0,0,0,0,0,0,0,0,,0,0,0,0,3,29,0,13,0,
449,1998,"Shannon Sharpe","DEN",0,0,0,0,0,0,0,0,,0,0,0,0,2,26,0,14,0,
450,1998,"Bubby Brister","DEN",0,0,0,0,0,0,0,0,,1,-1,0,-1,0,0,0,0,0,
451,1998,"Willie Green","DEN",,,,,,,,,,,,,,0,0,0,,0,
452,1998,"Dwayne Carswell","DEN",,,,,,,,,,,,,,0,0,0,,0,
453,1997,"John Elway","DEN",12,22,123,0,1,0,0,36,51.9,5,17,1,10,0,0,0,0,0,
454,1997,"Terrell Davis","DEN",0,0,0,0,0,,,0,,30,157,3,27,2,8,0,4,1,1
455,1997,"Vaughn Hebron","DEN",0,0,0,0,0,,,0,,3,3,0,2,1,5,0,5,0,
456,1997,"Howard Griffith","DEN",0,0,0,0,0,,,0,,1,2,0,2,1,23,0,23,0,
457,1997,"Ed McCaffrey","DEN",0,0,0,0,0,,,0,,0,0,0,0,2,45,0,36,0,
458,1997,"Shannon Sharpe","DEN",0,0,0,0,0,,,0,,0,0,0,0,5,38,0,12,0,
459,1997,"Dwayne Carswell","DEN",0,0,0,0,0,,,0,,0,0,0,0,1,4,0,4,0,
460,1997,"Rod Smith","DEN",0,0,0,0,0,,,0,,0,0,0,0,0,0,0,0,0,
461,1997,"Willie Green","DEN",,,,,,,,,,,,,,0,0,0,0,0,
462,1997,"Brett Favre","GNB",25,42,256,3,1,1,1,27,91,0,0,0,0,0,0,0,0,1,1
463,1997,"Dorsey Levens","GNB",0,0,0,0,0,,,0,,19,90,0,16,6,56,0,22,0,
464,1997,"Robert Brooks","GNB",0,0,0,0,0,,,0,,1,5,0,5,3,16,0,10,0,
465,1997,"Antonio Freeman","GNB",0,0,0,0,0,,,0,,0,0,0,0,9,126,2,27,1,1
466,1997,"Mark Chmura","GNB",0,0,0,0,0,,,0,,0,0,0,0,4,43,1,21,0,
467,1997,"William Henderson","GNB",0,0,0,0,0,,,0,,0,0,0,0,2,9,0,7,0,
468,1997,"Terry Mickens","GNB",0,0,0,0,0,,,0,,0,0,0,0,1,6,0,6,0,
469,1997,"Derrick Mayes","GNB",,,,,,,,,,,,,,0,0,0,0,0,
470,1996,"Brett Favre","GNB",14,27,246,2,0,5,38,81,107.9,4,12,1,12,0,0,0,0,0,
471,1996,"Dorsey Levens","GNB",0,0,0,0,0,,,0,,14,61,0,12,3,23,0,14,0,
472,1996,"Edgar Bennett","GNB",0,0,0,0,0,,,0,,17,40,0,10,1,4,0,4,0,
473,1996,"William Henderson","GNB",0,0,0,0,0,,,0,,1,2,0,2,2,14,0,8,0,
474,1996,"Antonio Freeman","GNB",0,0,0,0,0,,,0,,0,0,0,0,3,105,1,81,0,
475,1996,"Andre Rison","GNB",0,0,0,0,0,,,0,,0,0,0,0,2,77,1,54,0,
476,1996,"Mark Chmura","GNB",0,0,0,0,0,,,0,,0,0,0,0,2,13,0,8,0,
477,1996,"Keith Jackson","GNB",0,0,0,0,0,,,0,,0,0,0,0,1,10,0,10,0,
478,1996,"Terry Mickens","GNB",,,,,,,,,,,,,,0,0,0,,0,
479,1996,"Drew Bledsoe","NWE",25,48,253,2,4,5,39,44,46.6,1,1,0,1,0,0,0,0,0,
480,1996,"Curtis Martin","NWE",0,0,0,0,0,,,0,,11,42,1,18,3,28,0,20,0,
481,1996,"Ben Coates","NWE",0,0,0,0,0,,,0,,0,0,0,0,6,67,1,19,0,
482,1996,"Terry Glenn","NWE",0,0,0,0,0,,,0,,0,0,0,0,4,62,0,44,0,
483,1996,"Keith Byars","NWE",0,0,0,0,0,,,0,,0,0,0,0,4,42,1,32,0,
484,1996,"Shawn Jefferson","NWE",0,0,0,0,0,,,0,,0,0,0,0,3,34,0,14,0,
485,1996,"Vincent Brisby","NWE",0,0,0,0,0,,,0,,0,0,0,0,2,12,0,7,0,
486,1996,"Dave Meggett","NWE",0,0,0,0,0,,,0,,1,0,0,0,3,8,0,5,0,
487,1995,"Troy Aikman","DAL",15,23,209,1,0,2,11,47,108.8,4,-3,0,0,0,0,0,0,0,
488,1995,"Emmitt Smith","DAL",0,0,0,0,0,,,0,,18,49,2,23,1,3,0,3,0,
489,1995,"Daryl Johnston","DAL",0,0,0,0,0,,,0,,2,8,0,4,1,4,0,4,0,
490,1995,"Kevin Williams","DAL",0,0,0,0,0,,0,0,,1,2,0,2,2,29,0,22,0,
491,1995,"Michael Irvin","DAL",0,0,0,0,0,,,0,,0,0,0,0,5,76,0,20,0,
492,1995,"Jay Novacek","DAL",0,0,0,0,0,,,0,,0,0,0,0,5,50,1,19,0,
493,1995,"Deion Sanders","DAL",0,0,0,0,0,,,0,,0,0,0,0,1,47,0,47,0,
494,1995,"Neil O'Donnell","PIT",28,49,239,1,3,4,32,19,51.3,1,0,0,0,0,0,0,0,0,
495,1995,"Bam Morris","PIT",0,0,0,0,0,,,0,,19,73,1,15,3,18,0,10,0,
496,1995,"Erric Pegram","PIT",0,0,0,0,0,,,0,,6,15,0,4,0,0,0,0,0,
497,1995,"Kordell Stewart","PIT",0,0,0,0,0,,,0,,4,15,0,7,0,0,0,0,0,
498,1995,"Andre Hastings","PIT",0,0,0,0,0,,,0,,0,0,0,0,10,98,0,19,0,
499,1995,"Ernie Mills","PIT",0,0,0,0,0,,,0,,0,0,0,0,8,78,0,17,1,0
500,1995,"Corey Holliday","PIT",0,0,0,0,0,,,0,,0,0,0,0,2,19,0,10,0,
501,1995,"Yancey Thigpen","PIT",0,0,0,0,0,,,0,,0,0,0,0,3,19,1,10,0,
502,1995,"John Williams","PIT",0,0,0,0,0,,,0,,1,0,0,0,2,7,0,5,0,
503,1995,"Mark Bruener","PIT",0,0,0,0,0,,,0,,0,0,0,0,0,0,0,0,0,
504,1995,"Jonathan Hayes","PIT",,,,,,,,,,,,,,0,0,0,0,0,
505,1994,"Stan Humphries","SDG",24,49,275,1,2,2,18,33,56.1,1,3,0,3,0,0,0,0,0,
506,1994,"Gale Gilbert","SDG",3,6,30,0,1,0,0,20,25,1,8,0,8,0,0,0,0,0,
507,1994,"Natrone Means","SDG",0,0,0,0,0,,,0,,13,33,1,11,1,4,0,4,0,
508,1994,"Ronnie Harmon","SDG",0,0,0,0,0,,,0,,2,10,0,10,8,68,0,20,0,
509,1994,"Shawn Jefferson","SDG",0,0,0,0,0,,,0,,1,10,0,10,2,15,0,9,0,
510,1994,"Eric Bieniemy","SDG",0,0,0,0,0,,,0,,1,3,0,3,1,33,0,33,0,
511,1994,"Mark Seay","SDG",0,0,0,0,0,,,0,,0,0,0,0,7,75,0,22,0,
512,1994,"Tony Martin","SDG",0,0,0,0,0,,,0,,0,0,0,0,3,59,1,30,0,
513,1994,"Alfred Pupunu","SDG",0,0,0,0,0,,,0,,0,0,0,0,4,48,0,23,0,
514,1994,"Duane Young","SDG",0,0,0,0,0,,0,0,,0,0,0,0,1,3,0,3,0,
515,1994,"Steve Young","SFO",24,36,325,6,0,3,15,51,134.8,5,49,0,21,0,0,0,0,0,
516,1994,"Bill Musgrave","SFO",1,1,6,0,0,0,0,6,91.7,0,0,0,0,0,0,0,0,0,
517,1994,"Elvis Grbac","SFO",0,1,0,0,0,0,0,0,39.6,1,0,0,0,0,0,0,0,1,0
518,1994,"Ricky Watters","SFO",0,0,0,0,0,,,0,,15,47,1,13,3,61,2,51,1,0
519,1994,"William Floyd","SFO",0,0,0,0,0,,,0,,9,32,0,6,4,26,1,9,0,
520,1994,"Jerry Rice","SFO",0,0,0,0,0,,,0,,1,10,0,10,10,149,3,44,0,
521,1994,"Dexter Carter","SFO",0,0,0,0,0,,,0,,1,1,0,1,0,0,0,0,0,
522,1994,"John Taylor","SFO",0,0,0,0,0,,,0,,0,0,0,0,4,43,0,16,0,
523,1994,"Brent Jones","SFO",0,0,0,0,0,,,0,,0,0,0,0,2,41,0,33,0,
524,1994,"Ted Popson","SFO",0,0,0,0,0,,,0,,0,0,0,0,1,6,0,6,0,
525,1994,"Ed McCaffrey","SFO",0,0,0,0,0,,,0,,0,0,0,0,1,5,0,5,0,
526,1994,"Deion Sanders","SFO",0,0,0,0,0,,,0,,0,0,0,0,0,0,0,0,0,
527,1994,"Nate Singleton","SFO",,,,,,,,,,,,,,0,0,0,,0,
528,1993,"Jim Kelly","BUF",31,50,260,0,1,3,33,24,67.1,2,12,0,8,0,0,0,0,0,
529,1993,"Kenneth Davis","BUF",0,0,0,0,0,,,0,,9,38,0,11,3,-5,0,7,1,0
530,1993,"Thurman Thomas","BUF",0,0,0,0,0,,0,0,,16,37,1,6,7,52,0,24,2,2
531,1993,"Andre Reed","BUF",0,0,0,0,0,,,0,,0,0,0,0,6,75,0,22,0,
532,1993,"Bill Brooks","BUF",0,0,0,0,0,,,0,,0,0,0,0,7,63,0,15,0,
533,1993,"Don Beebe","BUF",0,0,0,0,0,,,0,,0,0,0,0,6,60,0,18,0,
534,1993,"Pete Metzelaars","BUF",0,0,0,0,0,,,0,,0,0,0,0,1,8,0,8,0,
535,1993,"Keith McKeller","BUF",0,0,0,0,0,,,0,,0,0,0,0,1,7,0,7,0,
536,1993,"Russell Copeland","BUF",0,0,0,0,0,,,0,,0,0,0,0,0,0,0,0,0,
537,1993,"Troy Aikman","DAL",19,27,207,0,1,2,3,35,77.2,1,3,0,3,0,0,0,0,0,
538,1993,"Alvin Harper","DAL",0,0,0,0,0,0,,0,,0,0,0,0,3,75,0,35,0,
539,1993,"Bernie Kosar","DAL",0,0,0,0,0,0,,0,,1,-1,0,-1,0,0,0,0,0,
540,1993,"Emmitt Smith","DAL",0,0,0,0,0,,,0,,30,132,2,15,4,26,0,10,0,
541,1993,"Kevin Williams","DAL",0,0,0,0,0,,,0,,1,6,0,6,0,0,0,0,0,
542,1993,"Michael Irvin","DAL",0,0,0,0,0,,,0,,0,0,0,0,5,66,0,20,0,
543,1993,"Jay Novacek","DAL",0,0,0,0,0,,,0,,0,0,0,0,5,26,0,9,0,
544,1993,"Daryl Johnston","DAL",0,0,0,0,0,,,0,,1,0,0,0,2,14,0,11,0,
545,1993,"Lincoln Coleman","DAL",0,0,0,0,0,,,0,,1,-3,0,-3,0,0,0,0,0,
546,1992,"Frank Reich","BUF",18,31,194,1,2,2,12,40,60.4,2,0,0,0,0,0,0,0,3,2
547,1992,"Jim Kelly","BUF",4,7,82,0,2,2,10,40,58.9,0,0,0,0,0,0,0,0,1,1
548,1992,"Kenneth Davis","BUF",0,0,0,0,0,,,0,,15,86,0,14,3,16,0,13,0,
549,1992,"Thurman Thomas","BUF",0,0,0,0,0,,0,0,,11,19,1,9,4,10,0,7,1,1
550,1992,"Carwell Gardner","BUF",0,0,0,0,0,,,0,,1,3,0,3,0,0,0,0,0,
551,1992,"Andre Reed","BUF",0,0,0,0,0,,,0,,0,0,0,0,8,152,0,40,0,
552,1992,"Don Beebe","BUF",0,0,0,0,0,,,0,,0,0,0,0,2,50,1,40,0,
553,1992,"Steve Tasker","BUF",0,0,0,0,0,,,0,,0,0,0,0,2,30,0,16,1,1
554,1992,"Pete Metzelaars","BUF",0,0,0,0,0,,,0,,0,0,0,0,2,12,0,7,0,
555,1992,"Keith McKeller","BUF",0,0,0,0,0,,,0,,0,0,0,0,1,6,0,6,0,
556,1992,"James Lofton","BUF",0,0,0,0,0,,,0,,0,0,0,0,0,0,0,0,0,
557,1992,"Troy Aikman","DAL",22,30,273,4,0,1,2,45,140.7,3,28,0,19,0,0,0,0,0,
558,1992,"Emmitt Smith","DAL",0,0,0,0,0,,,0,,22,108,1,38,6,27,0,18,1,0
559,1992,"Derrick Gainer","DAL",0,0,0,0,0,,,0,,2,1,0,1,0,0,0,0,0,
560,1992,"Michael Irvin","DAL",0,0,0,0,0,,,0,,0,0,0,0,6,114,2,25,0,
561,1992,"Jay Novacek","DAL",0,0,0,0,0,,,0,,0,0,0,0,7,72,1,23,0,
562,1992,"Alvin Harper","DAL",0,0,0,0,0,,,0,,0,0,0,0,1,45,1,45,0,
563,1992,"Daryl Johnston","DAL",0,0,0,0,0,,,0,,1,0,0,0,2,15,0,8,0,
564,1992,"Kelvin Martin","DAL",0,0,0,0,0,,,0,,0,0,0,0,0,0,0,0,0,
565,1992,"Steve Beuerlein","DAL",0,0,0,0,0,,,0,,1,0,0,0,0,0,0,0,1,1
566,1991,"Jim Kelly","BUF",28,58,275,2,4,5,46,43,44.8,3,16,0,9,-8,0,-8,3,2,
567,1991,"Frank Reich","BUF",1,1,11,0,0,0,0,11,112.5,0,0,0,0,0,0,0,0,0,
568,1991,"Kenneth Davis","BUF",0,0,0,0,0,,,0,,4,17,0,13,4,38,0,12,0,
569,1991,"Thurman Thomas","BUF",0,0,0,0,0,,0,0,,10,13,1,6,4,27,0,8,0,
570,1991,"Don Beebe","BUF",0,0,0,0,0,,,0,,0,0,0,0,4,61,1,43,0,
571,1991,"Andre Reed","BUF",0,0,0,0,0,,,0,,0,0,0,0,5,34,0,12,1,0
572,1991,"Keith McKeller","BUF",0,0,0,0,0,,,0,,0,0,0,0,2,29,0,21,0,
573,1991,"Al Edwards","BUF",0,0,0,0,0,,,0,,0,0,0,0,1,11,0,11,0,
574,1991,"Pete Metzelaars","BUF",0,0,0,0,0,,,0,,0,0,0,0,1,2,1,2,0,
575,1991,"James Lofton","BUF",0,0,0,0,0,,,0,,1,-3,0,-3,7,92,0,18,1,0
576,1991,"Mark Rypien","WAS",18,33,292,2,1,0,0,41,92,6,-4,0,2,0,0,0,0,0,
577,1991,"Ricky Ervins","WAS",0,0,0,0,0,,,0,,13,72,0,21,0,0,0,0,0,
578,1991,"Earnest Byner","WAS",0,0,0,0,0,,,0,,14,49,0,19,3,24,1,10,0,
579,1991,"Gerald Riggs","WAS",0,0,0,0,0,,,0,,5,7,2,4,0,0,0,0,0,
580,1991,"Ricky Sanders","WAS",0,0,0,0,0,,,0,,1,1,0,1,1,41,0,41,0,
581,1991,"Gary Clark","WAS",0,0,0,0,0,,,0,,0,0,0,0,7,114,1,34,0,
582,1991,"Art Monk","WAS",0,0,0,0,0,,,0,,0,0,0,0,7,113,0,31,0,
583,1991,"Jeff Rutledge","WAS",0,0,0,0,0,,,0,,1,0,0,0,0,0,0,0,1,0
584,1991,"Terry Orr","WAS",,,,,,,,,,,,,,0,0,0,0,0,
585,1990,"Jim Kelly","BUF",18,30,212,0,0,1,7,61,81.5,6,23,0,9,0,0,0,0,0,
586,1990,"Thurman Thomas","BUF",0,0,0,0,0,,0,0,,15,135,1,31,5,55,0,15,0,
587,1990,"Kenneth Davis","BUF",0,0,0,0,0,,,0,,2,4,0,3,2,23,0,19,0,
588,1990,"Jamie Mueller","BUF",0,0,0,0,0,,,0,,1,3,0,3,0,0,0,0,0,
589,1990,"Don Smith","BUF",0,0,0,0,0,,,0,,1,1,1,1,0,0,0,0,1,
590,1990,"Andre Reed","BUF",0,0,0,0,0,,,0,,0,0,0,0,8,62,0,20,0,
591,1990,"James Lofton","BUF",0,0,0,0,0,,,0,,0,0,0,0,1,61,0,61,0,
592,1990,"Keith McKeller","BUF",0,0,0,0,0,,,0,,0,0,0,0,2,11,0,6,0,
593,1990,"Al Edwards","BUF",0,0,0,0,0,,,0,,0,0,0,0,0,0,0,0,0,
594,1990,"Jeff Hostetler","NYG",20,32,222,1,0,2,8,22,93.5,6,10,0,5,0,0,0,0,0,
595,1990,"Dave Meggett","NYG",0,0,0,0,0,0,,0,,9,48,0,17,2,18,0,11,0,
596,1990,"Ottis Anderson","NYG",0,0,0,0,0,,,0,,21,102,1,24,1,7,0,7,0,
597,1990,"Maurice Carthon","NYG",0,0,0,0,0,,,0,,3,12,0,5,1,3,0,3,0,
598,1990,"Mark Ingram","NYG",0,0,0,0,0,,,0,,0,0,0,0,5,74,0,22,0,
599,1990,"Mark Bavaro","NYG",0,0,0,0,0,,,0,,0,0,0,0,5,50,0,19,0,
600,1990,"Howard Cross","NYG",0,0,0,0,0,,,0,,0,0,0,0,4,39,0,13,0,
601,1990,"Stephen Baker","NYG",0,0,0,0,0,,,0,,0,0,0,0,2,31,1,17,0,
602,1990,"Troy Kyles","NYG",,,,,,,,,,,,,,0,0,0,,0,
603,1989,"John Elway","DEN",10,26,108,0,2,4,30,27,19.4,4,8,1,3,0,0,0,0,2,1
604,1989,"Gary Kubiak","DEN",1,3,28,0,0,2,3,28,68.7,0,0,0,0,0,0,0,0,0,
605,1989,"Bobby Humphrey","DEN",0,0,0,0,0,,,0,,12,61,0,34,3,38,0,27,1,1
606,1989,"Ricky Nattiel","DEN",0,0,0,0,0,,,0,,0,0,0,0,1,28,0,28,0,
607,1989,"Steve Sewell","DEN",0,0,0,0,0,,,0,,0,0,0,0,2,22,0,12,0,
608,1989,"Vance Johnson","DEN",0,0,0,0,0,,,0,,0,0,0,0,2,21,0,13,0,
609,1989,"Mel Bratton","DEN",0,0,0,0,0,,,0,,0,0,0,0,1,14,0,14,0,
610,1989,"Clarence Kay","DEN",0,0,0,0,0,,,0,,0,0,0,0,1,6,0,6,0,
611,1989,"Mark Jackson","DEN",0,0,0,0,0,,,0,,0,0,0,0,0,0,0,0,0,
612,1989,"Orson Mobley","DEN",0,0,0,0,0,,,0,,0,0,0,0,0,0,0,0,0,
613,1989,"Sammy Winder","DEN",0,0,0,0,0,,0,0,,1,-5,0,-5,1,7,0,7,0,
614,1989,"Mike Young","DEN",,,,,,,,,,,,,,0,0,0,0,,
615,1989,"Joe Montana","SFO",22,29,297,5,0,1,0,38,147.6,2,15,0,10,0,0,0,0,0,
616,1989,"Steve Young","SFO",2,3,20,0,0,0,0,13,85.4,4,6,0,11,0,0,0,0,0,
617,1989,"Roger Craig","SFO",0,0,0,0,0,0,,0,,20,69,1,18,5,34,0,12,0,
618,1989,"Tom Rathman","SFO",0,0,0,0,0,,,0,,11,38,2,18,4,43,0,18,0,
619,1989,"Terrence Flagler","SFO",0,0,0,0,0,,,0,,6,14,0,10,0,0,0,0,0,
620,1989,"Harry Sydney","SFO",0,0,0,0,0,,,0,,1,2,0,2,1,7,0,7,0,
621,1989,"Jerry Rice","SFO",0,0,0,0,0,,,0,,0,0,0,0,7,148,3,38,0,
622,1989,"John Taylor","SFO",0,0,0,0,0,,,0,,0,0,0,0,3,49,1,35,0,
623,1989,"Mike Sherrard","SFO",0,0,0,0,0,,,0,,0,0,0,0,1,13,0,13,0,
624,1989,"Wesley Walls","SFO",0,0,0,0,0,,,0,,0,0,0,0,1,9,0,9,0,
625,1989,"Jamie Williams","SFO",0,0,0,0,0,,,0,,0,0,0,0,1,7,0,7,0,
626,1989,"Brent Jones","SFO",0,0,0,0,0,,,0,,0,0,0,0,1,7,1,7,0,
627,1989,"Mike Wilson","SFO",,,,,,,,,,,,,,0,0,0,0,,
628,1988,"Boomer Esiason","CIN",11,25,144,0,1,5,21,23,46.1,1,0,0,0,0,0,0,0,0,
629,1988,"Ickey Woods","CIN",0,0,0,0,0,,0,0,,20,79,0,10,0,0,0,0,0,
630,1988,"James Brooks","CIN",0,0,0,0,0,,,0,,6,24,0,11,2,32,0,20,0,
631,1988,"Stanford Jennings","CIN",0,0,0,0,0,,,0,,1,3,0,3,0,0,0,0,0,
632,1988,"Cris Collinsworth","CIN",0,0,0,0,0,,,0,,0,0,0,0,3,40,0,23,0,
633,1988,"Eddie Brown","CIN",0,0,0,0,0,,,0,,0,0,0,0,3,32,0,17,0,
634,1988,"Tim McGee","CIN",0,0,0,0,0,,,0,,0,0,0,0,2,23,0,18,0,
635,1988,"Ira Hillary","CIN",0,0,0,0,0,,,0,,0,0,0,0,1,17,0,17,1,
636,1988,"Rodney Holman","CIN",0,0,0,0,0,,,0,,0,0,0,0,0,0,0,0,0,
637,1988,"Jim Riggs","CIN",,,,,,,,,,,,,,0,0,0,0,,
638,1988,"Joe Montana","SFO",23,36,357,2,0,3,14,44,115.2,4,13,0,11,0,0,0,0,2,0
639,1988,"Roger Craig","SFO",0,0,0,0,0,,,0,,17,71,0,13,8,101,0,40,1,1
640,1988,"Tom Rathman","SFO",0,0,0,0,0,,,0,,5,23,0,11,1,16,0,16,0,
641,1988,"Jerry Rice","SFO",0,0,0,0,0,,,0,,1,5,0,5,11,215,1,44,0,
642,1988,"John Frank","SFO",0,0,0,0,0,,,0,,0,0,0,0,2,15,0,8,0,
643,1988,"John Taylor","SFO",0,0,0,0,0,,,0,,0,0,0,0,1,10,1,10,1,0
644,1988,"Mike Wilson","SFO",,,,,,,,,,,,,,0,0,0,0,,
645,1987,"John Elway","DEN",14,38,257,1,3,5,50,56,36.8,3,32,0,21,1,23,0,23,0,
646,1987,"Steve Sewell","DEN",1,1,23,0,0,0,0,23,118.7,1,-3,0,-3,4,41,0,18,0,
647,1987,"Gene Lang","DEN",0,0,0,0,0,,,0,,5,38,0,13,1,7,0,7,0,
648,1987,"Sammy Winder","DEN",0,0,0,0,0,,0,0,,8,30,0,13,1,26,0,26,0,
649,1987,"Mark Jackson","DEN",0,0,0,0,0,,,0,,0,0,0,0,4,76,0,32,0,
650,1987,"Ricky Nattiel","DEN",0,0,0,0,0,,,0,,0,0,0,0,2,69,1,56,0,
651,1987,"Clarence Kay","DEN",0,0,0,0,0,,,0,,0,0,0,0,2,38,0,27,0,
652,1987,"Doug Williams","WAS",18,29,340,4,1,1,10,80,127.9,2,-2,0,-1,0,0,0,0,0,
653,1987,"Jay Schroeder","WAS",0,1,0,0,0,1,8,0,39.6,0,0,0,0,0,0,0,0,0,
654,1987,"Timmy Smith","WAS",0,0,0,0,0,,,0,,22,204,2,58,1,9,0,9,0,
655,1987,"Kelvin Bryant","WAS",0,0,0,0,0,,,0,,8,38,0,15,1,20,0,20,0,
656,1987,"Gary Clark","WAS",0,0,0,0,0,,,0,,1,25,0,25,3,55,1,27,0,
657,1987,"George Rogers","WAS",0,0,0,0,0,,,0,,5,17,0,5,0,0,0,0,0,
658,1987,"Keith Griffin","WAS",0,0,0,0,0,,,0,,1,2,0,2,0,0,0,0,0,
659,1987,"Art Monk","WAS",0,0,0,0,0,,,0,,0,0,0,0,1,40,0,40,0,
660,1987,"Don Warren","WAS",0,0,0,0,0,,,0,,0,0,0,0,2,15,0,9,0,
661,1987,"Clint Didier","WAS",0,0,0,0,0,,,0,,0,0,0,0,1,8,1,8,0,
662,1987,"Ricky Sanders","WAS",0,0,0,0,0,,,0,,1,-4,0,-4,9,193,2,80,1,0
663,1986,"John Elway","DEN",22,37,304,1,1,3,26,54,83.6,6,27,1,10,0,0,0,0,1,
664,1986,"Gary Kubiak","DEN",4,4,48,0,0,1,6,23,116.7,0,0,0,0,0,0,0,0,0,
665,1986,"Gerald Willhite","DEN",0,0,0,0,0,,0,0,,4,19,0,11,5,39,0,11,0,
666,1986,"Steve Sewell","DEN",0,0,0,0,0,,,0,,3,4,0,12,2,12,0,7,0,
667,1986,"Gene Lang","DEN",0,0,0,0,0,,,0,,2,2,0,4,1,4,0,4,0,
668,1986,"Vance Johnson","DEN",0,0,0,0,0,,,0,,0,0,0,0,5,121,1,54,0,
669,1986,"Steve Watson","DEN",0,0,0,0,0,,0,0,,0,0,0,0,2,54,0,31,0,
670,1986,"Mark Jackson","DEN",0,0,0,0,0,,,0,,0,0,0,0,3,51,0,24,0,
671,1986,"Sammy Winder","DEN",0,0,0,0,0,,0,0,,4,0,0,3,4,34,0,14,0,
672,1986,"Clint Sampson","DEN",0,0,0,0,0,,,0,,0,0,0,0,2,20,0,11,0,
673,1986,"Orson Mobley","DEN",0,0,0,0,0,,,0,,0,0,0,0,2,17,0,11,0,
674,1986,"Clarence Kay","DEN",0,0,0,0,0,,,0,,0,0,0,0,0,0,0,0,0,
675,1986,"Phil Simms","NYG",22,25,268,3,0,1,5,44,150.9,3,25,0,22,0,0,0,0,0,
676,1986,"Jeff Rutledge","NYG",0,0,0,0,0,0,,0,,3,0,0,2,0,0,0,0,0,
677,1986,"Joe Morris","NYG",0,0,0,0,0,,,0,,20,67,1,11,4,20,0,12,0,
678,1986,"Lee Rouson","NYG",0,0,0,0,0,,,0,,3,22,0,18,1,23,0,23,0,
679,1986,"Tony Galbreath","NYG",0,0,0,0,0,,,0,,4,17,0,7,0,0,0,0,0,
680,1986,"Maurice Carthon","NYG",0,0,0,0,0,,,0,,3,4,0,2,4,13,0,7,0,
681,1986,"Ottis Anderson","NYG",0,0,0,0,0,,,0,,2,1,1,2,0,0,0,0,0,
682,1986,"Stacy Robinson","NYG",0,0,0,0,0,,,0,,0,0,0,0,3,62,0,36,0,
683,1986,"Mark Bavaro","NYG",0,0,0,0,0,,,0,,0,0,0,0,4,51,1,17,0,
684,1986,"Phil McConkey","NYG",0,0,0,0,0,,,0,,0,0,0,0,2,50,1,44,0,
685,1986,"Lionel Manuel","NYG",0,0,0,0,0,,,0,,0,0,0,0,3,43,0,17,0,
686,1986,"Zeke Mowatt","NYG",0,0,0,0,0,,,0,,0,0,0,0,1,6,1,6,0,
687,1985,"Jim McMahon","CHI",12,20,256,0,0,1,3,60,104.2,5,14,2,7,0,0,0,0,0,
688,1985,"Steve Fuller","CHI",0,4,0,0,0,1,11,0,39.6,1,1,0,1,0,0,0,0,0,
689,1985,"William Perry","CHI",0,0,0,0,0,1,1,0,,1,1,1,1,0,0,0,0,0,
690,1985,"Walter Payton","CHI",0,0,0,0,0,,,0,,22,61,0,7,0,0,0,0,1,1
691,1985,"Matt Suhey","CHI",0,0,0,0,0,,,0,,11,52,1,11,1,24,0,24,1,1
692,1985,"Dennis Gentry","CHI",0,0,0,0,0,,,0,,3,15,0,8,2,41,0,27,1,
693,1985,"Thomas Sanders","CHI",0,0,0,0,0,,,0,,4,15,0,7,0,0,0,0,0,
694,1985,"Calvin Thomas","CHI",0,0,0,0,0,,,0,,2,8,0,7,1,4,0,4,0,
695,1985,"Willie Gault","CHI",0,0,0,0,0,,,0,,0,0,0,0,4,129,0,60,0,
696,1985,"Ken Margerum","CHI",0,0,0,0,0,,,0,,0,0,0,0,2,36,0,29,0,
697,1985,"Emery Moorehead","CHI",0,0,0,0,0,,,0,,0,0,0,0,2,22,0,14,0,
698,1985,"Steve Grogan","NWE",17,30,177,1,2,4,33,24,57.2,1,3,0,3,0,0,0,0,0,
699,1985,"Tony Eason","NWE",0,6,0,0,0,3,28,0,39.6,0,0,0,0,0,0,0,0,1,1
700,1985,"Tony Collins","NWE",0,0,0,0,0,0,0,0,,3,4,0,3,2,19,0,11,0,
701,1985,"Craig James","NWE",0,0,0,0,0,0,,0,,5,1,0,3,1,6,0,6,1,1
702,1985,"Robert Weathers","NWE",0,0,0,0,0,,,0,,1,3,0,3,1,3,0,3,0,
703,1985,"Stanley Morgan","NWE",0,0,0,0,0,,,0,,0,0,0,0,6,51,0,16,0,0
704,1985,"Stephen Starring","NWE",0,0,0,0,0,,,0,,0,0,0,0,2,39,0,24,0,
705,1985,"Irving Fryar","NWE",0,0,0,0,0,,,0,,0,0,0,0,2,24,1,16,0,
706,1985,"Cedric Jones","NWE",0,0,0,0,0,,,0,,0,0,0,0,1,19,0,19,0,
707,1985,"Derrick Ramsey","NWE",0,0,0,0,0,,,0,,0,0,0,0,2,16,0,11,1,1
708,1985,"Lin Dawson","NWE",0,0,0,0,0,,,0,,0,0,0,0,0,0,0,0,0,
709,1985,"Greg Hawthorne","NWE",0,0,0,0,0,,,0,,1,-4,0,-4,0,0,0,0,0,
710,1984,"Dan Marino","MIA",29,50,318,1,2,4,29,30,66.9,1,0,0,0,0,0,0,0,1,0
711,1984,"Tony Nathan","MIA",0,0,0,0,0,0,,0,,5,18,0,16,10,83,0,25,0,
712,1984,"Woody Bennett","MIA",0,0,0,0,0,,,0,,3,7,0,7,0,0,0,0,0,
713,1984,"Mark Clayton","MIA",0,0,0,0,0,,,0,,0,0,0,0,6,92,0,27,0,
714,1984,"Joe Rose","MIA",0,0,0,0,0,,,0,,0,0,0,0,6,73,0,30,0,
715,1984,"Dan Johnson","MIA",0,0,0,0,0,,,0,,0,0,0,0,3,28,1,21,0,
716,1984,"Nat Moore","MIA",0,0,0,0,0,,,0,,0,0,0,0,2,17,0,9,0,
717,1984,"Jimmy Cefalo","MIA",0,0,0,0,0,,,0,,0,0,0,0,1,14,0,14,0,
718,1984,"Mark Duper","MIA",0,0,0,0,0,,,0,,0,0,0,0,1,11,0,11,0,
719,1984,"Bruce Hardy","MIA",0,0,0,0,0,,,0,,0,0,0,0,0,0,0,0,0,
720,1984,"Joe Montana","SFO",24,35,331,3,0,1,5,40,127.2,5,59,1,19,0,0,0,0,0,
721,1984,"Wendell Tyler","SFO",0,0,0,0,0,,,0,,13,65,0,9,4,70,0,40,0,
722,1984,"Roger Craig","SFO",0,0,0,0,0,,,0,,15,58,1,10,7,77,2,20,0,
723,1984,"Derrick Harmon","SFO",0,0,0,0,0,,,0,,5,20,0,7,0,0,0,0,0,
724,1984,"Freddie Solomon","SFO",0,0,0,0,0,,,0,,1,5,0,5,1,14,0,14,0,
725,1984,"Earl Cooper","SFO",0,0,0,0,0,,,0,,1,4,0,4,0,0,0,0,0,
726,1984,"Dwight Clark","SFO",0,0,0,0,0,,,0,,0,0,0,0,6,77,0,33,0,
727,1984,"Russ Francis","SFO",0,0,0,0,0,,,0,,0,0,0,0,5,60,0,19,0,
728,1984,"Carl Monroe","SFO",0,0,0,0,0,,,0,,0,0,0,0,1,33,1,33,0,
729,1983,"Jim Plunkett","RAI",16,25,172,1,0,2,18,50,97.4,1,-2,0,-2,0,0,0,0,0,
730,1983,"Malcolm Barnwell","RAI",0,0,0,0,0,0,0,0,,0,0,0,0,0,0,0,0,0,
731,1983,"Marcus Allen","RAI",0,0,0,0,0,,0,0,,20,191,2,74,2,18,0,12,1,0
732,1983,"Greg Pruitt","RAI",0,0,0,0,0,,0,0,,5,17,0,11,0,0,0,0,0,
733,1983,"Kenny King","RAI",0,0,0,0,0,,0,0,,3,12,0,10,2,8,0,7,0,
734,1983,"Chester Willis","RAI",0,0,0,0,0,,0,0,,1,7,0,7,0,0,0,0,0,
735,1983,"Frank Hawkins","RAI",0,0,0,0,0,,0,0,,3,6,0,3,2,20,0,14,0,
736,1983,"Cliff Branch","RAI",0,0,0,0,0,,0,0,,0,0,0,0,6,94,1,50,1,1
737,1983,"Todd Christensen","RAI",0,0,0,0,0,,0,0,,0,0,0,0,4,32,0,14,0,
738,1983,"Joe Theismann","WAS",16,35,243,0,2,6,50,60,45.3,3,18,0,8,0,0,0,0,1,1
739,1983,"John Riggins","WAS",0,0,0,0,0,0,,0,,26,64,1,8,1,1,0,1,0,
740,1983,"Joe Washington","WAS",0,0,0,0,0,,,0,,3,8,0,5,3,20,0,10,0,
741,1983,"Charlie Brown","WAS",0,0,0,0,0,,,0,,0,0,0,0,3,93,0,60,0,
742,1983,"Clint Didier","WAS",0,0,0,0,0,,,0,,0,0,0,0,5,65,0,20,0,
743,1983,"Art Monk","WAS",0,0,0,0,0,,,0,,0,0,0,0,1,26,0,26,0,
744,1983,"Nick Giaquinto","WAS",0,0,0,0,0,,,0,,0,0,0,0,2,21,0,14,0,
745,1983,"Alvin Garrett","WAS",0,0,0,0,0,,,0,,0,0,0,0,1,17,0,17,0,
746,1982,"David Woodley","MIA",4,14,97,1,1,1,17,76,50,4,16,0,7,0,0,0,0,1,1
747,1982,"Don Strock","MIA",0,3,0,0,0,0,0,0,39.6,0,0,0,0,0,0,0,0,0,
748,1982,"Tony Nathan","MIA",0,0,0,0,0,0,,0,,7,26,0,12,0,0,0,0,0,
749,1982,"Andra Franklin","MIA",0,0,0,0,0,,,0,,16,49,0,9,0,0,0,0,0,
750,1982,"Tommy Vigorito","MIA",0,0,0,0,0,,0,0,,1,4,0,4,0,0,0,0,0,
751,1982,"Duriel Harris","MIA",0,0,0,0,0,,,0,,1,1,0,1,2,15,0,8,0,
752,1982,"Jimmy Cefalo","MIA",0,0,0,0,0,,,0,,0,0,0,0,2,82,1,76,0,
753,1982,"Joe Theismann","WAS",15,23,143,2,2,3,19,27,75.1,3,20,0,12,0,0,0,0,0,
754,1982,"John Riggins","WAS",0,0,0,0,0,,,0,,38,166,1,43,1,15,0,15,0,
755,1982,"Alvin Garrett","WAS",0,0,0,0,0,,,0,,1,44,0,44,2,13,1,9,0,
756,1982,"Clarence Harmon","WAS",0,0,0,0,0,,,0,,9,40,0,12,0,0,0,0,0,
757,1982,"Rick Walker","WAS",0,0,0,0,0,,,0,,1,6,0,6,1,27,0,27,0,
758,1982,"Charlie Brown","WAS",0,0,0,0,0,,,0,,0,0,0,0,6,60,1,26,0,
759,1982,"Don Warren","WAS",0,0,0,0,0,,,0,,0,0,0,0,5,28,0,10,0,
760,1981,"Ken Anderson","CIN",25,34,300,2,2,5,16,49,95.2,4,15,1,6,0,0,0,0,0,
761,1981,"Pete Johnson","CIN",0,0,0,0,0,,,0,,14,36,0,5,2,8,0,5,0,
762,1981,"Charles Alexander","CIN",0,0,0,0,0,,,0,,5,17,0,13,2,3,0,3,0,
763,1981,"Archie Griffin","CIN",0,0,0,0,0,,,0,,1,4,0,4,0,0,0,0,1,0
764,1981,"Cris Collinsworth","CIN",0,0,0,0,0,,,0,,0,0,0,0,5,107,0,49,1,1
765,1981,"Dan Ross","CIN",0,0,0,0,0,,,0,,0,0,0,0,11,104,2,16,0,
766,1981,"Isaac Curtis","CIN",0,0,0,0,0,,,0,,0,0,0,0,3,42,0,21,0,
767,1981,"Steve Kreider","CIN",0,0,0,0,0,,,0,,0,0,0,0,2,36,0,19,0,
768,1981,"Joe Montana","SFO",14,22,157,1,0,1,9,22,100,6,18,1,7,0,0,0,0,0,
769,1981,"Ricky Patton","SFO",0,0,0,0,0,,,0,,17,55,0,10,1,6,0,6,0,
770,1981,"Earl Cooper","SFO",0,0,0,0,0,,,0,,9,34,0,14,2,15,1,11,0,
771,1981,"Bill Ring","SFO",0,0,0,0,0,,,0,,5,17,0,7,1,3,0,3,0,
772,1981,"Johnny Davis","SFO",0,0,0,0,0,,,0,,2,5,0,4,0,0,0,0,0,
773,1981,"Freddie Solomon","SFO",0,0,0,0,0,,,0,,0,0,0,0,4,52,0,20,0,
774,1981,"Mike Wilson","SFO",0,0,0,0,0,,,0,,0,0,0,0,1,22,0,22,0,
775,1981,"Charle Young","SFO",0,0,0,0,0,,,0,,0,0,0,0,1,14,0,14,0,
776,1981,"Dwight Clark","SFO",0,0,0,0,0,,,0,,1,-2,0,-2,4,45,0,17,0,
777,1980,"Ron Jaworski","PHI",18,38,291,1,3,0,0,43,49.3,1,0,0,0,0,0,0,0,1,1
778,1980,"Wilbert Montgomery","PHI",0,0,0,0,0,0,0,0,,16,44,0,8,6,91,0,25,0,
779,1980,"Leroy Harris","PHI",0,0,0,0,0,0,0,0,,7,14,0,5,1,1,0,1,0,
780,1980,"Louie Giammona","PHI",0,0,0,0,0,0,0,0,,1,7,0,7,0,0,0,0,0,
781,1980,"Perry Harrington","PHI",0,0,0,0,0,0,0,0,,1,4,0,4,0,0,0,0,0,
782,1980,"Harold Carmichael","PHI",0,0,0,0,0,0,0,0,,0,0,0,0,5,83,0,29,0,
783,1980,"Charlie Smith","PHI",0,0,0,0,0,0,0,0,,0,0,0,0,2,59,0,43,0,
784,1980,"John Spagnola","PHI",0,0,0,0,0,0,0,0,,0,0,0,0,1,22,0,22,0,
785,1980,"Rodney Parker","PHI",0,0,0,0,0,0,0,0,,0,0,0,0,1,19,0,19,0,
786,1980,"Keith Krepfle","PHI",0,0,0,0,0,0,0,0,,0,0,0,0,2,16,1,8,0,
787,1980,"Jim Plunkett","OAK",13,21,261,3,0,1,1,80,145,3,9,0,5,0,0,0,0,0,
788,1980,"Mark van Eeghen","OAK",0,0,0,0,0,,0,0,,18,75,0,8,0,0,0,0,0,
789,1980,"Kenny King","OAK",0,0,0,0,0,,0,0,,6,18,0,6,2,93,1,80,0,
790,1980,"Derrick Jensen","OAK",0,0,0,0,0,,0,0,,4,17,0,6,0,0,0,0,0,
791,1980,"Bob Chandler","OAK",0,0,0,0,0,,0,0,,0,0,0,0,4,77,0,32,0,
792,1980,"Cliff Branch","OAK",0,0,0,0,0,,0,0,,0,0,0,0,5,67,2,29,0,
793,1980,"Raymond Chester","OAK",0,0,0,0,0,,0,0,,0,0,0,0,2,24,0,16,0,
794,1980,"Arthur Whittington","OAK",0,0,0,0,0,,0,0,,3,-2,0,2,0,0,0,0,0,
795,1979,"Terry Bradshaw","PIT",14,21,309,2,3,0,0,73,101.9,3,9,0,6,0,0,0,0,0,
796,1979,"Franco Harris","PIT",0,0,0,0,0,0,0,0,,20,46,2,12,3,66,0,32,0,
797,1979,"Rocky Bleier","PIT",0,0,0,0,0,0,0,0,,10,25,0,9,0,0,0,0,0,
798,1979,"Sidney Thornton","PIT",0,0,0,0,0,0,0,0,,4,4,0,5,1,22,0,22,0,
799,1979,"John Stallworth","PIT",0,0,0,0,0,0,0,0,,0,0,0,0,3,121,1,73,0,
800,1979,"Lynn Swann","PIT",0,0,0,0,0,0,0,0,,0,0,0,0,5,79,1,47,0,
801,1979,"Bennie Cunningham","PIT",0,0,0,0,0,0,0,0,,0,0,0,0,2,21,0,13,0,
802,1979,"Vince Ferragamo","RAM",15,25,212,0,1,4,42,50,70.7,1,7,0,7,0,0,0,0,0,
803,1979,"Lawrence McCutcheon","RAM",1,1,24,1,0,0,0,24,158.3,5,10,0,6,1,16,0,16,0,
804,1979,"Wendell Tyler","RAM",0,0,0,0,0,0,0,0,,17,60,0,39,3,20,0,11,0,
805,1979,"Cullen Bryant","RAM",0,0,0,0,0,0,0,0,,6,30,1,14,3,21,0,12,0,
806,1979,"Billy Waddy","RAM",0,0,0,0,0,0,0,0,,0,0,0,0,3,75,0,50,0,
807,1979,"Preston Dennard","RAM",0,0,0,0,0,0,0,0,,0,0,0,0,2,32,0,24,0,
808,1979,"Drew Hill","RAM",0,0,0,0,0,0,0,0,,0,0,0,0,1,28,0,28,0,
809,1979,"Ron Smith","RAM",0,0,0,0,0,0,0,0,,0,0,0,0,1,24,1,24,0,
810,1979,"Terry Nelson","RAM",0,0,0,0,0,0,0,0,,0,0,0,0,2,20,0,14,0,
811,1978,"Roger Staubach","DAL",17,30,228,3,1,5,52,39,100.4,4,37,0,18,0,0,0,0,1,0
812,1978,"Tony Dorsett","DAL",0,0,0,0,0,0,0,0,,16,96,0,29,5,44,0,13,0,
813,1978,"Scott Laidlaw","DAL",0,0,0,0,0,0,0,0,,3,12,0,7,0,0,0,0,0,
814,1978,"Preston Pearson","DAL",0,0,0,0,0,0,0,0,,1,6,0,6,2,15,0,8,0,
815,1978,"Robert Newhouse","DAL",0,0,0,0,0,0,0,0,,8,3,0,5,0,0,0,0,0,
816,1978,"Drew Pearson","DAL",0,0,0,0,0,0,0,0,,0,0,0,0,4,73,0,25,1,1
817,1978,"Tony Hill","DAL",0,0,0,0,0,0,0,0,,0,0,0,0,2,49,1,39,0,
818,1978,"Butch Johnson","DAL",0,0,0,0,0,0,0,0,,0,0,0,0,2,30,1,26,0,
819,1978,"Billy Joe DuPree","DAL",0,0,0,0,0,0,0,0,,0,0,0,0,2,17,1,10,0,
820,1978,"Terry Bradshaw","PIT",17,30,318,4,1,4,27,75,119.2,2,-5,0,2,0,0,0,0,2,2
821,1978,"Franco Harris","PIT",0,0,0,0,0,0,0,0,,20,68,1,22,1,22,0,22,0,
822,1978,"Rocky Bleier","PIT",0,0,0,0,0,0,0,0,,2,3,0,2,1,7,1,7,0,
823,1978,"Lynn Swann","PIT",0,0,0,0,0,0,0,0,,0,0,0,0,7,124,1,29,0,
824,1978,"John Stallworth","PIT",0,0,0,0,0,0,0,0,,0,0,0,0,3,115,2,75,0,
825,1978,"Randy Grossman","PIT",0,0,0,0,0,0,0,0,,0,0,0,0,3,29,0,10,0,
826,1978,"Theo Bell","PIT",0,0,0,0,0,0,0,0,,0,0,0,0,2,21,0,12,0,
827,1977,"Roger Staubach","DAL",17,25,183,1,0,5,35,45,102.6,3,6,0,5,0,0,0,0,1,1
828,1977,"Danny White","DAL",1,2,5,0,0,0,0,5,56.2,1,13,0,13,0,0,0,0,0,
829,1977,"Robert Newhouse","DAL",1,1,29,1,0,0,0,29,158.3,14,55,0,10,3,-1,0,5,0,
830,1977,"Tony Dorsett","DAL",0,0,0,0,0,0,0,0,,15,66,1,19,2,11,0,15,1,0
831,1977,"Preston Pearson","DAL",0,0,0,0,0,0,0,0,,3,11,0,5,5,37,0,11,0,
832,1977,"Scott Laidlaw","DAL",0,0,0,0,0,0,0,0,,1,1,0,1,0,0,0,0,0,
833,1977,"Billy Joe DuPree","DAL",0,0,0,0,0,0,0,0,,0,0,0,0,4,66,0,19,1,1
834,1977,"Golden Richards","DAL",0,0,0,0,0,0,0,0,,0,0,0,0,2,38,1,29,0,
835,1977,"Drew Pearson","DAL",0,0,0,0,0,0,0,0,,0,0,0,0,1,13,0,13,0,
836,1977,"Butch Johnson","DAL",0,0,0,0,0,0,0,0,,1,-9,0,-9,2,53,1,45,2,
837,1977,"Craig Morton","DEN",4,15,39,0,4,2,20,21,0,0,0,0,0,0,0,0,0,0,
838,1977,"Norris Weese","DEN",4,10,22,0,0,2,6,9,47.9,3,26,0,10,0,0,0,0,1,1
839,1977,"Rob Lytle","DEN",0,0,0,0,0,0,0,0,,10,35,1,16,0,0,0,0,0,
840,1977,"Otis Armstrong","DEN",0,0,0,0,0,0,0,0,,7,27,0,18,0,0,0,0,0,
841,1977,"Jim Jensen","DEN",0,0,0,0,0,0,0,0,,1,16,0,16,1,5,0,5,0,
842,1977,"Jon Keyworth","DEN",0,0,0,0,0,0,0,0,,5,9,0,6,0,0,0,0,0,
843,1977,"Lonnie Perrin","DEN",0,0,0,0,0,0,0,0,,3,8,0,4,1,-7,0,-7,0,
844,1977,"Jack Dolbin","DEN",0,0,0,0,0,0,0,0,,0,0,0,0,2,24,0,15,1,1
845,1977,"Haven Moses","DEN",0,0,0,0,0,0,0,0,,0,0,0,0,1,21,0,21,0,
846,1977,"Rick Upchurch","DEN",0,0,0,0,0,0,0,0,,0,0,0,0,1,9,0,9,0,
847,1977,"Riley Odoms","DEN",0,0,0,0,0,0,0,0,,0,0,0,0,2,9,0,10,1,1
848,1976,"Fran Tarkenton","MIN",17,35,205,1,2,1,4,26,52.7,0,0,0,0,0,0,0,0,0,
849,1976,"Bob Lee","MIN",7,9,81,1,0,0,0,20,141.2,1,4,0,4,0,0,0,0,0,
850,1976,"Chuck Foreman","MIN",0,0,0,0,0,0,0,0,,17,44,0,7,5,62,0,26,0,
851,1976,"Sammy Johnson","MIN",0,0,0,0,0,0,0,0,,2,9,0,8,3,26,0,17,0,
852,1976,"Sammy White","MIN",0,0,0,0,0,0,0,0,,1,7,0,7,5,77,1,20,0,
853,1976,"Robert Miller","MIN",0,0,0,0,0,0,0,0,,2,4,0,3,4,19,0,13,0,
854,1976,"Brent McClanahan","MIN",0,0,0,0,0,0,0,0,,3,3,0,2,0,0,0,0,1,1
855,1976,"Ahmad Rashad","MIN",0,0,0,0,0,0,0,0,,0,0,0,0,3,53,0,25,0,
856,1976,"Stu Voigt","MIN",0,0,0,0,0,0,0,0,,0,0,0,0,4,49,1,15,0,
857,1976,"Ken Stabler","OAK",12,19,180,1,0,1,11,48,111.7,0,0,0,0,0,0,0,0,0,
858,1976,"Mike Rae","OAK",0,0,0,0,0,1,6,0,,2,9,0,11,0,0,0,0,0,
859,1976,"Clarence Davis","OAK",0,0,0,0,0,,0,0,,16,137,0,35,0,0,0,0,0,
860,1976,"Mark van Eeghen","OAK",0,0,0,0,0,,0,0,,18,73,0,11,0,0,0,0,0,
861,1976,"Carl Garrett","OAK",0,0,0,0,0,,0,0,,4,19,0,13,1,11,0,11,0,
862,1976,"Pete Banaszak","OAK",0,0,0,0,0,,0,0,,10,19,2,6,0,0,0,0,0,
863,1976,"Hubert Ginn","OAK",0,0,0,0,0,,0,0,,2,9,0,9,0,0,0,0,0,
864,1976,"Fred Biletnikoff","OAK",0,0,0,0,0,,0,0,,0,0,0,0,4,79,0,48,0,
865,1976,"Dave Casper","OAK",0,0,0,0,0,,0,0,,0,0,0,0,4,70,1,26,0,
866,1976,"Cliff Branch","OAK",0,0,0,0,0,,0,0,,0,0,0,0,3,20,0,10,0,
867,1975,"Roger Staubach","DAL",15,24,204,2,3,7,42,34,77.8,5,22,0,11,0,0,0,0,3,0
868,1975,"Robert Newhouse","DAL",0,0,0,0,0,0,0,0,,16,56,0,16,2,12,0,8,0,
869,1975,"Doug Dennison","DAL",0,0,0,0,0,0,0,0,,5,16,0,5,1,6,0,6,0,
870,1975,"Preston Pearson","DAL",0,0,0,0,0,0,0,0,,5,14,0,9,5,53,0,14,1,
871,1975,"Drew Pearson","DAL",0,0,0,0,0,0,0,0,,0,0,0,0,2,59,1,30,0,
872,1975,"Percy Howard","DAL",0,0,0,0,0,0,0,0,,0,0,0,0,1,34,1,34,0,
873,1975,"Charley Young","DAL",0,0,0,0,0,0,0,0,,0,0,0,0,3,31,0,14,0,
874,1975,"Jean Fugett","DAL",0,0,0,0,0,0,0,0,,0,0,0,0,1,9,0,9,0,
875,1975,"Terry Bradshaw","PIT",9,19,209,2,0,2,19,64,122.5,4,16,0,8,0,0,0,0,1,
876,1975,"Franco Harris","PIT",0,0,0,0,0,0,0,0,,27,82,0,11,1,26,0,26,1,0
877,1975,"Rocky Bleier","PIT",0,0,0,0,0,0,0,0,,15,51,0,8,0,0,0,0,0,
878,1975,"Lynn Swann","PIT",0,0,0,0,0,0,0,0,,0,0,0,0,4,161,1,64,0,
879,1975,"John Stallworth","PIT",0,0,0,0,0,0,0,0,,0,0,0,0,2,8,0,13,0,
880,1975,"Larry Brown","PIT",0,0,0,0,0,0,0,0,,0,0,0,0,1,7,0,7,0,
881,1975,"Randy Grossman","PIT",0,0,0,0,0,0,0,0,,0,0,0,0,1,7,1,7,0,
882,1974,"Fran Tarkenton","MIN",11,26,102,0,3,0,0,28,14.1,1,0,0,0,0,0,0,0,1,0
883,1974,"Chuck Foreman","MIN",0,0,0,0,0,0,0,0,,12,18,0,12,5,50,0,17,1,1
884,1974,"Stu Voigt","MIN",0,0,0,0,0,0,0,0,,0,0,0,0,2,31,0,28,0,
885,1974,"John Gilliam","MIN",0,0,0,0,0,0,0,0,,0,0,0,0,1,16,0,16,0,
886,1974,"Jim Lash","MIN",0,0,0,0,0,0,0,0,,0,0,0,0,0,0,0,0,0,
887,1974,"Oscar Reed","MIN",0,0,0,0,0,0,0,0,,0,0,0,0,1,-2,0,-2,0,
888,1974,"Dave Osborn","MIN",0,0,0,0,0,0,0,0,,8,-1,0,2,2,7,0,4,0,
889,1974,"Terry Bradshaw","PIT",9,14,96,1,0,2,12,22,108,5,33,0,17,0,0,0,0,0,
890,1974,"Franco Harris","PIT",0,0,0,0,0,0,0,0,,34,158,1,25,0,0,0,0,2,1
891,1974,"Rocky Bleier","PIT",0,0,0,0,0,0,0,0,,17,65,0,18,2,11,0,6,1,1
892,1974,"Larry Brown","PIT",0,0,0,0,0,0,0,0,,0,0,0,0,3,49,1,20,0,
893,1974,"John Stallworth","PIT",0,0,0,0,0,0,0,0,,0,0,0,0,3,24,0,22,0,
894,1974,"Frank Lewis","PIT",0,0,0,0,0,0,0,0,,0,0,0,0,1,12,0,12,0,
895,1974,"Lynn Swann","PIT",0,0,0,0,0,0,0,0,,1,-7,0,-7,0,0,0,0,0,
896,1973,"Bob Griese","MIA",6,7,73,0,0,1,10,27,110.1,2,7,0,5,0,0,0,0,0,
897,1973,"Larry Csonka","MIA",0,0,0,0,0,0,0,0,,33,145,2,16,0,0,0,0,0,
898,1973,"Mercury Morris","MIA",0,0,0,0,0,0,0,0,,11,34,0,14,0,0,0,0,0,
899,1973,"Jim Kiick","MIA",0,0,0,0,0,0,0,0,,7,10,1,5,0,0,0,0,0,
900,1973,"Paul Warfield","MIA",0,0,0,0,0,0,0,0,,0,0,0,0,2,33,0,27,0,
901,1973,"Jim Mandich","MIA",0,0,0,0,0,0,0,0,,0,0,0,0,2,21,0,13,0,
902,1973,"Marlin Briscoe","MIA",0,0,0,0,0,0,0,0,,0,0,0,0,2,19,0,13,0,
903,1973,"Fran Tarkenton","MIN",18,28,182,0,1,2,16,30,67.9,4,17,1,8,0,0,0,0,1,0
904,1973,"Oscar Reed","MIN",0,0,0,0,0,0,0,0,,11,32,0,9,1,-1,0,-1,1,1
905,1973,"Chuck Foreman","MIN",0,0,0,0,0,0,0,0,,7,18,0,5,5,27,0,10,0,
906,1973,"Ed Marinaro","MIN",0,0,0,0,0,0,0,0,,1,3,0,3,2,39,0,27,0,
907,1973,"Bill Brown","MIN",0,0,0,0,0,0,0,0,,1,2,0,2,1,9,0,9,0,
908,1973,"Stu Voigt","MIN",0,0,0,0,0,0,0,0,,0,0,0,0,3,46,0,17,0,
909,1973,"John Gilliam","MIN",0,0,0,0,0,0,0,0,,0,0,0,0,4,44,0,30,0,
910,1973,"Doug Kingsriter","MIN",0,0,0,0,0,0,0,0,,0,0,0,0,1,9,0,9,0,
911,1973,"Jim Lash","MIN",0,0,0,0,0,0,0,0,,0,0,0,0,1,9,0,9,0,
912,1972,"Bob Griese","MIA",8,11,88,1,1,2,19,28,88.4,0,0,0,0,0,0,0,0,0,
913,1972,"Larry Csonka","MIA",0,0,0,0,0,0,0,0,,15,112,0,49,1,-1,0,-1,0,
914,1972,"Jim Kiick","MIA",0,0,0,0,0,0,0,0,,12,38,1,8,2,6,0,4,0,
915,1972,"Mercury Morris","MIA",0,0,0,0,0,0,0,0,,10,34,0,6,0,0,0,0,0,
916,1972,"Paul Warfield","MIA",0,0,0,0,0,0,0,0,,0,0,0,0,3,36,0,18,0,
917,1972,"Howard Twilley","MIA",0,0,0,0,0,0,0,0,,0,0,0,0,1,28,1,28,0,
918,1972,"Jim Mandich","MIA",0,0,0,0,0,0,0,0,,0,0,0,0,1,19,0,19,0,
919,1972,"Marv Fleming","MIA",0,0,0,0,0,0,0,0,,0,0,0,0,0,0,0,0,0,
920,1972,"Billy Kilmer","WAS",14,28,104,0,3,2,17,15,19.6,2,18,0,9,0,0,0,0,0,
921,1972,"Larry Brown","WAS",0,0,0,0,0,0,0,0,,22,72,0,11,5,26,0,12,1,
922,1972,"Charlie Harraway","WAS",0,0,0,0,0,0,0,0,,10,37,0,8,1,-3,0,-3,0,
923,1972,"Charley Taylor","WAS",0,0,0,0,0,0,0,0,,1,8,0,8,2,20,0,15,0,
924,1972,"Jerry Smith","WAS",0,0,0,0,0,0,0,0,,1,6,0,6,1,11,0,11,0,
925,1972,"Roy Jefferson","WAS",0,0,0,0,0,0,0,0,,0,0,0,0,5,50,0,15,0,
926,1971,"Roger Staubach","DAL",12,19,119,2,0,2,19,21,115.9,5,18,0,5,0,0,0,0,0,
927,1971,"Duane Thomas","DAL",0,0,0,0,0,0,0,0,,19,95,1,23,3,17,0,11,0,
928,1971,"Walt Garrison","DAL",0,0,0,0,0,0,0,0,,14,74,0,17,2,11,0,7,0,
929,1971,"Calvin Hill","DAL",0,0,0,0,0,0,0,0,,7,25,0,13,1,12,0,12,1,1
930,1971,"Mike Ditka","DAL",0,0,0,0,0,0,0,0,,1,17,0,17,2,28,1,21,0,
931,1971,"Bob Hayes","DAL",0,0,0,0,0,0,0,0,,1,16,0,16,2,23,0,18,0,
932,1971,"Dan Reeves","DAL",0,0,0,0,0,0,0,0,,1,7,0,7,0,0,0,0,0,
933,1971,"Lance Alworth","DAL",0,0,0,0,0,0,0,0,,0,0,0,0,2,28,1,21,0,
934,1971,"Bob Griese","MIA",12,23,134,0,1,1,29,27,51.7,1,0,0,0,0,0,0,0,1,1
935,1971,"Jim Kiick","MIA",0,0,0,0,0,0,0,0,,10,40,0,9,3,21,0,11,0,
936,1971,"Larry Csonka","MIA",0,0,0,0,0,0,0,0,,9,40,0,12,2,18,0,16,1,1
937,1971,"Paul Warfield","MIA",0,0,0,0,0,0,0,0,,0,0,0,0,4,39,0,23,0,
938,1971,"Marv Fleming","MIA",0,0,0,0,0,0,0,0,,0,0,0,0,1,27,0,27,0,
939,1971,"Howard Twilley","MIA",0,0,0,0,0,0,0,0,,0,0,0,0,1,20,0,20,0,
940,1971,"Jim Mandich","MIA",0,0,0,0,0,0,0,0,,0,0,0,0,1,9,0,9,0,
941,1970,"Earl Morrall","BAL",7,15,147,0,1,0,0,45,54,1,1,0,1,0,0,0,0,1,
942,1970,"Johnny Unitas","BAL",3,9,88,1,2,0,0,75,68.1,1,4,0,4,0,0,0,0,1,1
943,1970,"Sam Havrilak","BAL",1,1,25,0,0,0,0,25,118.7,1,3,0,3,2,27,0,25,0,
944,1970,"Tom Nowatzke","BAL",0,0,0,0,0,0,0,0,,10,33,1,9,1,45,0,45,0,
945,1970,"Norm Bulaich","BAL",0,0,0,0,0,0,0,0,,18,28,0,8,1,5,0,5,0,
946,1970,"John Mackey","BAL",0,0,0,0,0,0,0,0,,0,0,0,0,2,80,1,75,0,
947,1970,"Roy Jefferson","BAL",0,0,0,0,0,0,0,0,,0,0,0,0,3,52,0,23,0,
948,1970,"Eddie Hinton","BAL",0,0,0,0,0,0,0,0,,0,0,0,0,2,51,0,26,1,
949,1970,"Craig Morton","DAL",12,26,127,1,3,2,14,41,34.1,1,2,0,2,0,0,0,0,0,
950,1970,"Walt Garrison","DAL",0,0,0,0,0,0,0,0,,12,65,0,19,2,19,0,14,0,
951,1970,"Duane Thomas","DAL",0,0,0,0,0,0,0,0,,18,35,0,7,4,21,1,7,1,1
952,1970,"Dan Reeves","DAL",0,0,0,0,0,0,0,0,,0,0,0,0,5,46,0,17,0,
953,1970,"Bob Hayes","DAL",0,0,0,0,0,0,0,0,,0,0,0,0,1,41,0,41,0,
954,1969,"Len Dawson","KAN",12,17,142,1,1,3,20,46,90.8,3,11,0,11,0,0,0,0,0,
955,1969,"Mike Garrett","KAN",0,0,0,0,0,0,0,0,,11,39,1,6,2,25,0,17,0,
956,1969,"Frank Pitts","KAN",0,0,0,0,0,0,0,0,,3,37,0,19,3,33,0,20,0,
957,1969,"Wendell Hayes","KAN",0,0,0,0,0,0,0,0,,8,31,0,13,1,3,0,3,0,
958,1969,"Warren McVea","KAN",0,0,0,0,0,0,0,0,,12,26,0,9,0,0,0,0,0,
959,1969,"Robert Holmes","KAN",0,0,0,0,0,0,0,0,,5,7,0,7,0,0,0,0,0,
960,1969,"Otis Taylor","KAN",0,0,0,0,0,0,0,0,,0,0,0,0,6,81,1,46,0,
961,1969,"Joe Kapp","MIN",16,25,183,0,2,3,27,28,52.6,2,9,0,7,0,0,0,0,1,1
962,1969,"Gary Cuozzo","MIN",1,3,16,0,1,0,0,16,12.5,0,0,0,0,0,0,0,0,0,
963,1969,"Bill Brown","MIN",0,0,0,0,0,0,0,0,,6,26,0,10,3,11,0,11,0,
964,1969,"Oscar Reed","MIN",0,0,0,0,0,0,0,0,,4,17,0,15,2,16,0,12,0,
965,1969,"Dave Osborn","MIN",0,0,0,0,0,0,0,0,,7,15,1,4,2,11,0,10,0,
966,1969,"John Henderson","MIN",0,0,0,0,0,0,0,0,,0,0,0,0,7,111,0,28,1,1
967,1969,"John Beasley","MIN",0,0,0,0,0,0,0,0,,0,0,0,0,2,41,0,26,0,
968,1969,"Gene Washington","MIN",0,0,0,0,0,0,0,0,,0,0,0,0,1,9,0,9,0,
969,1968,"Johnny Unitas","BAL",11,24,110,0,1,0,0,21,42,1,0,0,0,0,0,0,0,0,
970,1968,"Earl Morrall","BAL",6,17,71,0,3,0,0,30,9.3,2,-2,0,0,0,0,0,0,0,
971,1968,"Tom Matte","BAL",0,0,0,0,0,0,0,0,,11,116,0,58,2,30,0,30,1,
972,1968,"Jerry Hill","BAL",0,0,0,0,0,0,0,0,,9,29,1,12,2,1,0,1,0,
973,1968,"Willie Richardson","BAL",0,0,0,0,0,0,0,0,,0,0,0,0,6,58,0,21,0,
974,1968,"Jimmy Orr","BAL",0,0,0,0,0,0,0,0,,0,0,0,0,3,42,0,17,0,
975,1968,"John Mackey","BAL",0,0,0,0,0,0,0,0,,0,0,0,0,3,35,0,19,0,
976,1968,"Tom Mitchell","BAL",0,0,0,0,0,0,0,0,,0,0,0,0,1,15,0,15,0,
977,1968,"Joe Namath","NYJ",17,28,206,0,0,2,11,39,83.3,0,0,0,0,0,0,0,0,0,
978,1968,"Babe Parilli","NYJ",0,1,0,0,0,0,0,0,39.6,0,0,0,0,0,0,0,0,0,
979,1968,"Matt Snell","NYJ",0,0,0,0,0,0,0,0,,30,121,1,12,4,40,0,14,0,
980,1968,"Emerson Boozer","NYJ",0,0,0,0,0,0,0,0,,10,19,0,8,0,0,0,0,0,
981,1968,"Bill Mathis","NYJ",0,0,0,0,0,0,0,0,,3,2,0,1,3,20,0,13,0,
982,1968,"George Sauer","NYJ",0,0,0,0,0,0,0,0,,0,0,0,0,8,133,0,39,1,1
983,1968,"Pete Lammons","NYJ",0,0,0,0,0,0,0,0,,0,0,0,0,2,13,0,11,0,
984,1967,"Bart Starr","GNB",13,24,202,1,0,3,30,62,96.2,1,14,0,14,0,0,0,0,0,
985,1967,"Zeke Bratkowski","GNB",0,0,0,0,0,1,10,0,,0,0,0,0,0,0,0,0,0,
986,1967,"Ben Wilson","GNB",0,0,0,0,0,0,0,0,,17,62,0,13,0,0,0,0,0,
987,1967,"Donny Anderson","GNB",0,0,0,0,0,0,0,0,,14,48,1,8,2,18,0,12,0,
988,1967,"Travis Williams","GNB",0,0,0,0,0,0,0,0,,8,36,0,18,0,0,0,0,0,
989,1967,"Boyd Dowler","GNB",0,0,0,0,0,0,0,0,,0,0,0,0,2,71,1,62,0,
990,1967,"Carroll Dale","GNB",0,0,0,0,0,0,0,0,,0,0,0,0,4,43,0,17,0,
991,1967,"Marv Fleming","GNB",0,0,0,0,0,0,0,0,,0,0,0,0,4,35,0,11,0,
992,1967,"Max McGee","GNB",0,0,0,0,0,0,0,0,,0,0,0,0,1,35,0,35,0,
993,1967,"Chuck Mercein","GNB",0,0,0,0,0,,,0,,1,0,0,0,0,0,0,0,0,
994,1967,"Daryle Lamonica","OAK",15,34,208,2,1,3,22,41,71.7,0,0,0,0,0,0,0,0,0,
995,1967,"Hewritt Dixon","OAK",0,0,0,0,0,,0,0,,12,54,0,14,1,3,0,3,0,
996,1967,"Larry Todd","OAK",0,0,0,0,0,,0,0,,2,37,0,32,0,0,0,0,0,
997,1967,"Pete Banaszak","OAK",0,0,0,0,0,,0,0,,6,16,0,5,4,69,0,41,1,
998,1967,"Bill Miller","OAK",0,0,0,0,0,,0,0,,0,0,0,0,5,84,2,23,0,
999,1967,"Billy Cannon","OAK",0,0,0,0,0,,0,0,,0,0,0,0,2,25,0,15,0,
1000,1967,"Warren Wells","OAK",0,0,0,0,0,,0,0,,0,0,0,0,1,17,0,17,1,0
1001,1967,"Fred Biletnikoff","OAK",0,0,0,0,0,,0,0,,0,0,0,0,2,10,0,6,0,
1002,1966,"Bart Starr","GNB",16,23,250,2,1,3,22,37,116.2,0,0,0,0,0,0,0,0,0,
1003,1966,"Zeke Bratkowski","GNB",0,1,0,0,0,0,0,0,39.6,0,0,0,0,0,0,0,0,0,
1004,1966,"Jim Taylor","GNB",0,0,0,0,0,0,0,0,,17,56,1,14,1,-1,0,-1,0,
1005,1966,"Elijah Pitts","GNB",0,0,0,0,0,0,0,0,,11,45,2,12,2,32,0,22,0,
1006,1966,"Donny Anderson","GNB",0,0,0,0,0,0,0,0,,4,30,0,13,0,0,0,0,0,
1007,1966,"Jim Grabowski","GNB",0,0,0,0,0,0,0,0,,2,2,0,2,0,0,0,0,1,0
1008,1966,"Max McGee","GNB",0,0,0,0,0,0,0,0,,0,0,0,0,7,138,2,37,0,
1009,1966,"Carroll Dale","GNB",0,0,0,0,0,0,0,0,,0,0,0,0,4,59,0,25,0,
1010,1966,"Marv Fleming","GNB",0,0,0,0,0,0,0,0,,0,0,0,0,2,22,0,11,0,
1011,1966,"Len Dawson","KAN",16,27,211,1,1,4,43,31,80.9,3,24,0,15,0,0,0,0,0,
1012,1966,"Pete Beathard","KAN",1,5,17,0,0,2,18,17,41.2,1,14,0,14,0,0,0,0,0,
1013,1966,"Mike Garrett","KAN",0,0,0,0,0,0,0,0,,6,17,0,9,3,28,0,17,0,
1014,1966,"Curtis McClinton","KAN",0,0,0,0,0,0,0,0,,6,16,0,6,2,34,1,27,1,0
1015,1966,"Bert Coan","KAN",0,0,0,0,0,0,0,0,,3,1,0,3,1,5,0,5,0,
1016,1966,"Chris Burford","KAN",0,0,0,0,0,0,0,0,,0,0,0,0,4,67,0,27,0,
1017,1966,"Otis Taylor","KAN",0,0,0,0,0,0,0,0,,0,0,0,0,4,57,0,31,0,
1018,1966,"Fred Arbanas","KAN",0,0,0,0,0,0,0,0,,0,0,0,0,2,30,0,18,0,
1019,1966,"Reggie Carolan","KAN",0,0,0,0,0,0,0,0,,0,0,0,0,1,7,0,7,0,
